window_idx,satellite_name,satellite_index,peak_alt_deg,range_min_km,range_max_km,peak_abs_jy,mean_abs_jy,emission_type
0,,770,86.42833207341381,557.021204733235,12574.15092560692,5274104243066718.0,1795157347239.6975,literature_parameterized_uemr_template_not_proprietary_waveform
0,,771,86.30805178077665,557.2775625622959,12574.678562606097,5304773923875076.0,1806527620517.9019,literature_parameterized_uemr_template_not_proprietary_waveform
0,,773,86.30753713633563,557.3215209088725,12574.58174266361,5303589512402326.0,1806052305725.3677,literature_parameterized_uemr_template_not_proprietary_waveform
0,,1392,86.30434966393841,556.7723106766141,13216.852354659071,8.39866374624238e+17,687163127892328.4,literature_parameterized_uemr_template_not_proprietary_waveform
0,,772,86.28885083934436,557.2632176676287,12574.858060431361,5312591577187305.0,1809452167590.158,literature_parameterized_uemr_template_not_proprietary_waveform
0,,1393,86.25586730047691,556.7281431970215,13216.871131020154,8.390299424456188e+17,686208832084894.2,literature_parameterized_uemr_template_not_proprietary_waveform
0,,1394,86.24501016237524,556.7426406630574,13216.861451180375,8.389559808867406e+17,686099552532206.4,literature_parameterized_uemr_template_not_proprietary_waveform
0,,1395,86.24501016237524,556.7426406630574,13216.861451180375,8.389559808867406e+17,686099552532206.4,literature_parameterized_uemr_template_not_proprietary_waveform
0,,769,86.2338829247069,557.0882223466431,12575.667798355702,5335659328133680.0,1818215046884.8093,literature_parameterized_uemr_template_not_proprietary_waveform
0,,1390,86.21617097047493,557.0934281008618,13216.489380328665,8.382690851819889e+17,685295556588363.5,literature_parameterized_uemr_template_not_proprietary_waveform
0,,1391,86.21617097047493,557.0934281008618,13216.489380328665,8.382690851819889e+17,685295556588363.5,literature_parameterized_uemr_template_not_proprietary_waveform
0,,1225,85.77417552190421,557.008011651113,13254.644902422577,1.295550062325609e+18,1448739950733113.0,literature_parameterized_uemr_template_not_proprietary_waveform
0,,1226,85.77417552190421,557.008011651113,13254.644902422577,1.295550062325609e+18,1448739950733113.0,literature_parameterized_uemr_template_not_proprietary_waveform
0,,1227,85.74283699247617,556.9412845752375,13254.684325888558,1.294874930403649e+18,1447545561911798.5,literature_parameterized_uemr_template_not_proprietary_waveform
0,,1228,85.74283699247617,556.9412845752375,13254.684325888558,1.294874930403649e+18,1447545561911798.5,literature_parameterized_uemr_template_not_proprietary_waveform
0,,1224,85.59865130043484,557.0678827833143,13254.477191706343,1.2924565304465953e+18,1442592436073360.0,literature_parameterized_uemr_template_not_proprietary_waveform
0,,1354,83.12763279725904,559.1811323000724,13270.3739918156,1.926777337298207e+18,5141275133341971.0,literature_parameterized_uemr_template_not_proprietary_waveform
0,,1355,83.11964071665787,559.0968626988565,13270.492213192498,1.9271697107530166e+18,5143067970206163.0,literature_parameterized_uemr_template_not_proprietary_waveform
0,,1356,83.11964071665787,559.0968626988565,13270.492213192498,1.9271697107530166e+18,5143067970206163.0,literature_parameterized_uemr_template_not_proprietary_waveform
0,,1353,83.10988225897256,559.3824438243511,13270.102070060215,1.9264577273204416e+18,5139181652894560.0,literature_parameterized_uemr_template_not_proprietary_waveform
0,,1357,83.09101539318077,559.1988812346054,13270.527967010354,1.9280165414939459e+18,5146978158334065.0,literature_parameterized_uemr_template_not_proprietary_waveform
0,,1358,83.09101539318077,559.1988812346054,13270.527967010354,1.9280165414939459e+18,5146978158334065.0,literature_parameterized_uemr_template_not_proprietary_waveform
0,,1087,82.6722778423031,559.8878360353077,13267.883050535222,1.3463846541398994e+18,3290389766101010.0,literature_parameterized_uemr_template_not_proprietary_waveform
0,,1085,82.67144709660666,560.0572298507694,13267.712587076772,1.3462725045198505e+18,3290884679960397.0,literature_parameterized_uemr_template_not_proprietary_waveform
0,,1090,82.67023515410862,559.8925791434061,13267.869325785045,1.3464012423353956e+18,3290494701426401.5,literature_parameterized_uemr_template_not_proprietary_waveform
0,,1088,82.66495387604641,559.9026740275409,13267.846777658648,1.3464070249715502e+18,3290879557147037.5,literature_parameterized_uemr_template_not_proprietary_waveform
0,,1089,82.66495387604641,559.9026740275409,13267.846777658648,1.3464070249715502e+18,3290879557147037.5,literature_parameterized_uemr_template_not_proprietary_waveform
0,,1086,82.66025596739058,559.996031926052,13267.761566756388,1.3463158036375624e+18,3291165419909735.0,literature_parameterized_uemr_template_not_proprietary_waveform
0,,2956,81.96853952904912,560.6458880388616,13256.510311431664,1.6271584214277594e+18,4650579763290798.0,literature_parameterized_uemr_template_not_proprietary_waveform
0,,2957,81.96853952904912,560.6458880388616,13256.510311431664,1.6271584214277594e+18,4650579763290798.0,literature_parameterized_uemr_template_not_proprietary_waveform
0,,2958,81.95628687081658,560.532894304242,13256.745153844096,1.6278077839658898e+18,4652537975894831.0,literature_parameterized_uemr_template_not_proprietary_waveform
0,,2959,81.95282255377975,560.7837813970332,13256.448226203127,1.6275708851904648e+18,4651625767756621.0,literature_parameterized_uemr_template_not_proprietary_waveform
0,,2960,81.94007491840514,560.8007285519079,13256.461966052913,1.6272937724852173e+18,4650920158532172.0,literature_parameterized_uemr_template_not_proprietary_waveform
0,,2961,81.9386188622618,560.8059132112928,13256.452641619591,1.627191801608493e+18,4650641144345698.0,literature_parameterized_uemr_template_not_proprietary_waveform
0,,2962,81.9386188622618,560.8059132112928,13256.452641619591,1.627191801608493e+18,4650641144345698.0,literature_parameterized_uemr_template_not_proprietary_waveform
0,,692,80.04017461238108,564.2650990372576,11349.068851206846,923785439045.6747,154569162.48757535,literature_parameterized_uemr_template_not_proprietary_waveform
0,,691,80.03780154331183,564.263959698375,11349.104825038094,923857315478.8618,154582617.26425168,literature_parameterized_uemr_template_not_proprietary_waveform
0,,690,80.03240107049571,564.250520047907,11349.019427627243,922312078644.4637,154309295.287789,literature_parameterized_uemr_template_not_proprietary_waveform
0,,689,80.00803300344673,564.2039464483485,11350.960105880555,935864629441.7745,156736277.33578408,literature_parameterized_uemr_template_not_proprietary_waveform
0,,1099,78.56408120605286,565.7013920566669,12961.879601769504,9.755311262120421e+16,48309139941047.2,literature_parameterized_uemr_template_not_proprietary_waveform
0,,1100,78.56408120605286,565.7013920566669,12961.879601769504,9.755311262120421e+16,48309139941047.2,literature_parameterized_uemr_template_not_proprietary_waveform
0,,1098,78.56049167095817,565.822380755755,12961.652344722708,9.744513031446133e+16,48246619763470.58,literature_parameterized_uemr_template_not_proprietary_waveform
0,,1097,78.5551410542227,565.8497421676354,12961.638447825351,9.74308176188344e+16,48238513669512.16,literature_parameterized_uemr_template_not_proprietary_waveform
0,,2896,77.82485433722599,567.4249074494212,13021.666611467515,1.3872436663036773e+17,71267127723767.77,literature_parameterized_uemr_template_not_proprietary_waveform
0,,2897,77.81234881238406,567.642818416219,13021.282622150296,1.3852056545436568e+17,71141946454988.23,literature_parameterized_uemr_template_not_proprietary_waveform
0,,2900,77.7745473339463,567.6602533350574,13021.105588485912,1.3827262399450275e+17,70993894199052.03,literature_parameterized_uemr_template_not_proprietary_waveform
0,,2898,77.77401396473843,567.3986260307734,13021.228600672417,1.3801874427753744e+17,70848275950217.42,literature_parameterized_uemr_template_not_proprietary_waveform
0,,2899,77.77401396473843,567.3986260307734,13021.228600672417,1.3801874427753744e+17,70848275950217.42,literature_parameterized_uemr_template_not_proprietary_waveform
0,,2901,77.7687321498876,567.7567354959561,13021.062512425144,1.383063175869737e+17,71012312812959.58,literature_parameterized_uemr_template_not_proprietary_waveform
0,,676,75.74713365907782,571.988316256347,13122.782059863477,3.226373541611387e+17,192958015326358.75,literature_parameterized_uemr_template_not_proprietary_waveform
1,,3420,87.4982290823761,556.2576609475632,10841.591822677115,24851010462.926327,3940043.8650717586,literature_parameterized_uemr_template_not_proprietary_waveform
1,,3421,87.4982290823761,556.2576609475632,10841.591822677115,24851010462.926327,3940043.8650717586,literature_parameterized_uemr_template_not_proprietary_waveform
1,,2965,87.42181218393914,556.3361943438757,13266.776232228227,1.157876723425154e+18,3333187522156065.0,literature_parameterized_uemr_template_not_proprietary_waveform
1,,2966,87.42181218393914,556.3361943438757,13266.776232228227,1.157876723425154e+18,3333187522156065.0,literature_parameterized_uemr_template_not_proprietary_waveform
1,,2964,87.38889604869843,556.3572057534867,13266.768542386759,1.157862202371012e+18,3333170491181370.5,literature_parameterized_uemr_template_not_proprietary_waveform
1,,3424,87.35318779985693,556.2247875223154,10842.287959542313,24936410796.313232,3950295.7831288916,literature_parameterized_uemr_template_not_proprietary_waveform
1,,3425,87.35318779985693,556.2247875223154,10842.287959542313,24936410796.313232,3950295.7831288916,literature_parameterized_uemr_template_not_proprietary_waveform
1,,3426,87.21562362508351,556.3647262088514,10842.870724029677,25056350919.419624,3962597.2132545947,literature_parameterized_uemr_template_not_proprietary_waveform
1,,3427,87.21562362508351,556.3647262088514,10842.870724029677,25056350919.419624,3962597.2132545947,literature_parameterized_uemr_template_not_proprietary_waveform
1,,3422,87.15157483444595,556.3115181699395,10843.380996099148,25155862277.443333,3974072.9715319057,literature_parameterized_uemr_template_not_proprietary_waveform
1,,2963,87.08650531493154,556.4230748422859,13266.836252976862,1.1576746294837384e+18,3332989187181137.0,literature_parameterized_uemr_template_not_proprietary_waveform
1,,3423,87.00438409255642,556.6466114522674,10843.677760990644,25207813217.058357,3976945.3486068766,literature_parameterized_uemr_template_not_proprietary_waveform
1,,2969,86.88255790757427,556.8038140536514,13266.613163962267,1.157737621507683e+18,3333153673741142.0,literature_parameterized_uemr_template_not_proprietary_waveform
1,,2970,86.88255790757427,556.8038140536514,13266.613163962267,1.157737621507683e+18,3333153673741142.0,literature_parameterized_uemr_template_not_proprietary_waveform
1,,2967,86.79454112463308,556.7751324366483,13266.64904786332,1.1576485558901317e+18,3333061953917901.0,literature_parameterized_uemr_template_not_proprietary_waveform
1,,2968,86.79454112463308,556.7751324366483,13266.64904786332,1.1576485558901317e+18,3333061953917901.0,literature_parameterized_uemr_template_not_proprietary_waveform
1,,734,85.63843173168227,557.4166773332586,12478.4307746398,3244972792968244.5,1114063537360.4849,literature_parameterized_uemr_template_not_proprietary_waveform
1,,735,85.628869092085,557.4483406518418,12478.01223559088,3237239568731287.0,1111124163189.075,literature_parameterized_uemr_template_not_proprietary_waveform
1,,736,85.62227780620388,557.4629573287525,12478.025414902628,3237206467806889.5,1111116355019.506,literature_parameterized_uemr_template_not_proprietary_waveform
1,,733,85.60407220210642,557.4039897737216,12477.117109481194,3216121045588755.5,1103153588417.1409,literature_parameterized_uemr_template_not_proprietary_waveform
1,,3126,85.31476984006285,557.585211575961,13230.350559454031,9.475399733299174e+17,879235467942855.0,literature_parameterized_uemr_template_not_proprietary_waveform
1,,3127,85.09174353384265,557.7687350910704,13230.698249260024,9.506805846067828e+17,883410664151264.0,literature_parameterized_uemr_template_not_proprietary_waveform
1,,3128,85.09174353384265,557.7687350910704,13230.698249260024,9.506805846067828e+17,883410664151264.0,literature_parameterized_uemr_template_not_proprietary_waveform
1,,3129,84.96137078563017,557.7849055231294,13230.96408627784,9.521415632013948e+17,885427210479774.9,literature_parameterized_uemr_template_not_proprietary_waveform
1,,3187,82.83465700707839,559.4092744379979,13270.510881323404,1.8671796178745078e+18,4756066333851740.0,literature_parameterized_uemr_template_not_proprietary_waveform
1,,3188,82.83465700707839,559.4092744379979,13270.510881323404,1.8671796178745078e+18,4756066333851740.0,literature_parameterized_uemr_template_not_proprietary_waveform
1,,3185,82.79072947314951,559.5130134280872,13270.454985334469,1.8672123327708127e+18,4755657298844436.0,literature_parameterized_uemr_template_not_proprietary_waveform
1,,3186,82.79072947314951,559.5130134280872,13270.454985334469,1.8672123327708127e+18,4755657298844436.0,literature_parameterized_uemr_template_not_proprietary_waveform
1,,4053,81.80913779857785,561.2129930824946,13256.306456795955,1.594312369880474e+18,4542634907813248.0,literature_parameterized_uemr_template_not_proprietary_waveform
1,,4055,81.80909468052094,561.2475549664555,13256.264388479764,1.594284764266825e+18,4542524404806274.0,literature_parameterized_uemr_template_not_proprietary_waveform
1,,4054,81.80574276617315,561.1932060846642,13256.33160893108,1.59429033171516e+18,4542601649338155.0,literature_parameterized_uemr_template_not_proprietary_waveform
1,,4056,81.76385164196593,561.3536758621265,13256.257197782088,1.5939985303197135e+18,4541816798487397.0,literature_parameterized_uemr_template_not_proprietary_waveform
1,,4057,81.76009092120988,561.360847708475,13256.25014199156,1.5939636414137572e+18,4541728159412119.0,literature_parameterized_uemr_template_not_proprietary_waveform
1,,3418,79.78522989270468,563.4621648187554,11910.296746451662,52295420992522.555,12357620306.831486,literature_parameterized_uemr_template_not_proprietary_waveform
1,,3419,79.78522989270468,563.4621648187554,11910.296746451662,52295420992522.555,12357620306.831486,literature_parameterized_uemr_template_not_proprietary_waveform
1,,3415,79.7757168192563,563.9261663069076,11910.283243192966,52446146217979.52,12395073142.547592,literature_parameterized_uemr_template_not_proprietary_waveform
1,,3417,79.76880157502056,563.8360179282871,11910.979637855635,52657683196992.35,12449674177.439169,literature_parameterized_uemr_template_not_proprietary_waveform
1,,3416,79.75580990721555,563.8897245829745,11910.977706084297,52675015125092.16,12453969866.985544,literature_parameterized_uemr_template_not_proprietary_waveform
1,,3408,78.67802984211399,566.1830224939985,12010.209641502988,132790194027697.14,32322168360.31838,literature_parameterized_uemr_template_not_proprietary_waveform
1,,3405,78.65228584785447,566.4612274019107,12008.761233683235,131461802071979.34,31970532477.009846,literature_parameterized_uemr_template_not_proprietary_waveform
1,,3409,78.62568944017242,566.154874740678,12009.38792800177,131965780519269.36,32104770144.0272,literature_parameterized_uemr_template_not_proprietary_waveform
1,,3410,78.62568944017242,566.154874740678,12009.38792800177,131965780519269.36,32104770144.0272,literature_parameterized_uemr_template_not_proprietary_waveform
1,,3406,78.44781808783591,566.9134600931144,12004.546425108474,127644584094809.42,30963280642.29397,literature_parameterized_uemr_template_not_proprietary_waveform
1,,3407,78.44781808783591,566.9134600931144,12004.546425108474,127644584094809.42,30963280642.29397,literature_parameterized_uemr_template_not_proprietary_waveform
1,,2870,76.53340954042179,570.8513127698473,13258.803139611244,1.3486166592026452e+18,2669500509071603.0,literature_parameterized_uemr_template_not_proprietary_waveform
1,,2872,76.49380716775056,570.7999064698527,13258.912054277815,1.3485413456202632e+18,2673743639949869.5,literature_parameterized_uemr_template_not_proprietary_waveform
1,,2871,76.49224219665341,570.7493766816348,13258.954821017705,1.348454485113841e+18,2672557049420200.5,literature_parameterized_uemr_template_not_proprietary_waveform
1,,2869,76.4485061823668,571.0704170295667,13258.727485220099,1.348241447771096e+18,2676710720484469.0,literature_parameterized_uemr_template_not_proprietary_waveform
1,,538,75.78644370011138,572.5896568916545,13259.931154458385,1.397668022434158e+18,1577210516699516.2,literature_parameterized_uemr_template_not_proprietary_waveform
1,,535,75.78509901611287,572.4688230901597,13260.272821606402,1.4009773950501786e+18,1583830701962738.8,literature_parameterized_uemr_template_not_proprietary_waveform
2,,1239,88.1150560109323,556.1310583416958,13262.227157526817,1.3552513746242217e+18,2351663571494704.5,literature_parameterized_uemr_template_not_proprietary_waveform
2,,1240,88.1150560109323,556.1310583416958,13262.227157526817,1.3552513746242217e+18,2351663571494704.5,literature_parameterized_uemr_template_not_proprietary_waveform
2,,1241,87.797340056755,556.2127603495687,13262.218455506561,1.3549460946510743e+18,2355221392231580.0,literature_parameterized_uemr_template_not_proprietary_waveform
2,,1242,87.70392635767166,556.3779482435735,13262.11502179634,1.3552129930386276e+18,2357594385088286.5,literature_parameterized_uemr_template_not_proprietary_waveform
2,,1243,87.3819748494825,556.3807601369224,13262.136397652672,1.354935213564784e+18,2361019406259604.5,literature_parameterized_uemr_template_not_proprietary_waveform
2,,1244,87.3819748494825,556.3807601369224,13262.136397652672,1.354935213564784e+18,2361019406259604.5,literature_parameterized_uemr_template_not_proprietary_waveform
2,,1245,87.36117680938683,556.2529146177446,13262.279488445534,1.354908014267511e+18,2361805279386629.5,literature_parameterized_uemr_template_not_proprietary_waveform
2,,3262,85.78536994366902,557.4540614241917,13192.793638858448,6.278912215217613e+17,502447607739387.5,literature_parameterized_uemr_template_not_proprietary_waveform
2,,3263,85.78536994366902,557.4540614241917,13192.793638858448,6.278912215217613e+17,502447607739387.5,literature_parameterized_uemr_template_not_proprietary_waveform
2,,3264,85.76058919581293,557.2114518709105,13192.89989524225,6.273961728460657e+17,501979734172576.4,literature_parameterized_uemr_template_not_proprietary_waveform
2,,3265,85.76058919581293,557.2114518709105,13192.89989524225,6.273961728460657e+17,501979734172576.4,literature_parameterized_uemr_template_not_proprietary_waveform
2,,3261,85.71473604867386,557.4051220669085,13192.402857669114,6.252252167657768e+17,499686625217086.94,literature_parameterized_uemr_template_not_proprietary_waveform
2,,3951,83.63634402977985,559.3131336420761,12992.144976968599,1.2316125447867293e+17,67806132544068.734,literature_parameterized_uemr_template_not_proprietary_waveform
2,,3949,83.63037294567546,559.2838865134862,12992.170865109498,1.2314739246492898e+17,67797202734491.125,literature_parameterized_uemr_template_not_proprietary_waveform
2,,3950,83.63036256226717,559.2788103264783,12992.178487027875,1.231630995598386e+17,67807209092132.445,literature_parameterized_uemr_template_not_proprietary_waveform
2,,3946,83.61970627919017,559.0485724120979,12992.753995007932,1.2350028798321235e+17,68027105227250.64,literature_parameterized_uemr_template_not_proprietary_waveform
2,,3947,83.61970627919017,559.0485724120979,12992.753995007932,1.2350028798321235e+17,68027105227250.64,literature_parameterized_uemr_template_not_proprietary_waveform
2,,3086,83.57413105527765,558.8311798895903,13269.81562665831,1.7997670333640684e+18,4193979234312190.0,literature_parameterized_uemr_template_not_proprietary_waveform
2,,3948,83.56743155382355,559.1970915795639,12991.918700015569,1.2279686133731397e+17,67571713651895.16,literature_parameterized_uemr_template_not_proprietary_waveform
2,,3087,83.47640071139507,559.6584810375055,13269.358834224442,1.802449130961739e+18,4212376091979500.5,literature_parameterized_uemr_template_not_proprietary_waveform
2,,3089,83.40345281738479,558.9257972774809,13270.305281726465,1.8026595097595218e+18,4218295673381491.5,literature_parameterized_uemr_template_not_proprietary_waveform
2,,3090,83.40345281738479,558.9257972774809,13270.305281726465,1.8026595097595218e+18,4218295673381491.5,literature_parameterized_uemr_template_not_proprietary_waveform
2,,3092,83.37151559768272,558.8057178147018,13270.478010830635,1.8025543029853775e+18,4219805244438700.5,literature_parameterized_uemr_template_not_proprietary_waveform
2,,3091,83.36129295537383,558.8635034646363,13270.453159899218,1.802766152233669e+18,4220485789870839.5,literature_parameterized_uemr_template_not_proprietary_waveform
2,,3088,83.31749473847056,558.7453048332508,13270.58072657265,1.802966788464942e+18,4220935170925718.5,literature_parameterized_uemr_template_not_proprietary_waveform
2,,4043,82.7578801317588,559.7957920369812,12093.283614169788,234246026225161.6,63273672485.05576,literature_parameterized_uemr_template_not_proprietary_waveform
2,,4039,82.73258293445872,559.9700002150531,12092.857765343959,233688310790104.6,63109067105.19169,literature_parameterized_uemr_template_not_proprietary_waveform
2,,4044,82.71298407340154,559.8741427502146,12092.629033191753,233156100672030.7,62954649351.962585,literature_parameterized_uemr_template_not_proprietary_waveform
2,,4045,82.7012178894281,559.923495557426,12092.546210573348,233175903279421.94,62959528097.18415,literature_parameterized_uemr_template_not_proprietary_waveform
2,,4040,82.69884836707651,559.882750884485,12092.466575304828,232932687505153.3,62889140607.82579,literature_parameterized_uemr_template_not_proprietary_waveform
2,,4046,82.6880684711651,559.9202589944846,12092.396675490363,232912729659173.5,62882758278.18284,literature_parameterized_uemr_template_not_proprietary_waveform
2,,4041,82.62825872534158,559.8862167259629,12091.554511575374,231474828091628.34,62462777435.08626,literature_parameterized_uemr_template_not_proprietary_waveform
2,,4042,82.62825872534158,559.8862167259629,12091.554511575374,231474828091628.34,62462777435.08626,literature_parameterized_uemr_template_not_proprietary_waveform
2,,4038,82.55687325538273,560.0549590141475,12090.439174598958,229866809575051.84,61990887127.40435,literature_parameterized_uemr_template_not_proprietary_waveform
2,,1281,82.26859869727012,560.8194621174345,13267.621412214936,1.2525079359899497e+18,3426578382262608.5,literature_parameterized_uemr_template_not_proprietary_waveform
2,,1279,82.26426764243494,560.8306798062621,13267.628820617805,1.2525304613968996e+18,3426492234259725.0,literature_parameterized_uemr_template_not_proprietary_waveform
2,,1280,82.26426764243494,560.8306798062621,13267.628820617805,1.2525304613968996e+18,3426492234259725.0,literature_parameterized_uemr_template_not_proprietary_waveform
2,,1283,82.24911050302148,560.7262121395967,13267.776609191274,1.252723431105332e+18,3427069185532692.5,literature_parameterized_uemr_template_not_proprietary_waveform
2,,1284,82.24911050302148,560.7262121395967,13267.776609191274,1.252723431105332e+18,3427069185532692.5,literature_parameterized_uemr_template_not_proprietary_waveform
2,,1282,82.24209945814756,560.74591532379,13267.770263698889,1.2527660925766454e+18,3427030795021609.5,literature_parameterized_uemr_template_not_proprietary_waveform
2,,402,81.5986498762421,561.3216503448533,13256.058159621505,1.5526315434840248e+18,4401683128899606.0,literature_parameterized_uemr_template_not_proprietary_waveform
2,,401,81.59620646390708,561.3785239389455,13256.020755080803,1.5531446199481152e+18,4403185370064521.5,literature_parameterized_uemr_template_not_proprietary_waveform
2,,403,81.51222864864708,561.6514472852429,13255.9394665,1.553796954318723e+18,4405758846810673.5,literature_parameterized_uemr_template_not_proprietary_waveform
2,,404,81.51222864864708,561.6514472852429,13255.9394665,1.553796954318723e+18,4405758846810673.5,literature_parameterized_uemr_template_not_proprietary_waveform
2,,405,81.50545320165207,561.578076706744,13256.04976936285,1.553277589863006e+18,4404297418105964.5,literature_parameterized_uemr_template_not_proprietary_waveform
2,,4935,80.39690295514816,563.2929039558146,12325.731135693268,1146557918531509.8,357238536726.63293,literature_parameterized_uemr_template_not_proprietary_waveform
2,,4933,80.36867419082873,563.2959924990153,12325.40546926158,1143651167635391.0,356252741119.65894,literature_parameterized_uemr_template_not_proprietary_waveform
2,,4934,80.36867419082873,563.2959924990153,12325.40546926158,1143651167635391.0,356252741119.65894,literature_parameterized_uemr_template_not_proprietary_waveform
2,,4937,80.32585829269705,563.4227282133336,12324.960372650594,1140719415357292.5,355251380762.5583,literature_parameterized_uemr_template_not_proprietary_waveform
2,,4936,80.32092065378413,563.4242158745913,12324.90490556778,1140236537573464.8,355087587439.0092,literature_parameterized_uemr_template_not_proprietary_waveform
3,,37,88.83055894855863,556.3965881252109,11280.397968501928,746479627229.729,122130720.10213494,literature_parameterized_uemr_template_not_proprietary_waveform
3,,38,88.7648628306381,556.0386919633419,11281.340244309147,751231433991.971,122967519.97613184,literature_parameterized_uemr_template_not_proprietary_waveform
3,,36,88.71230909976519,556.4008316939431,11281.55393253239,756215111837.8513,123825627.52810284,literature_parameterized_uemr_template_not_proprietary_waveform
3,,40,88.55942248147258,556.0506787655438,11282.426061310467,756643838284.9852,123916771.12705483,literature_parameterized_uemr_template_not_proprietary_waveform
3,,39,88.31436614283004,556.0672485900327,11283.82344323241,764781901582.6543,125341497.55841659,literature_parameterized_uemr_template_not_proprietary_waveform
3,,3971,87.79320121762328,556.461511084095,12762.698132357105,2.003932342003571e+16,7910362818508.745,literature_parameterized_uemr_template_not_proprietary_waveform
3,,3972,87.79320121762328,556.461511084095,12762.698132357105,2.003932342003571e+16,7910362818508.745,literature_parameterized_uemr_template_not_proprietary_waveform
3,,3975,87.23929799033611,556.6170221151248,12761.186086047433,1.980536214459604e+16,7807255529309.254,literature_parameterized_uemr_template_not_proprietary_waveform
3,,3974,87.18236289504878,556.7376917877342,12760.950522743095,1.9786754543916708e+16,7798866988049.401,literature_parameterized_uemr_template_not_proprietary_waveform
3,,3973,87.15930213909867,556.6884752735356,12760.875111700369,1.97610027800017e+16,7787708109338.664,literature_parameterized_uemr_template_not_proprietary_waveform
3,,341,86.2280716698943,557.1662420186404,13265.255328472607,1.1182432136512536e+18,3235445656368856.5,literature_parameterized_uemr_template_not_proprietary_waveform
3,,340,86.21536475025437,557.2313141039355,13265.205334522685,1.1183211391040481e+18,3235606472223066.0,literature_parameterized_uemr_template_not_proprietary_waveform
3,,338,86.12603013864327,557.2157606933469,13265.237496618602,1.1181218046510918e+18,3235209891540416.5,literature_parameterized_uemr_template_not_proprietary_waveform
3,,339,86.12603013864327,557.2157606933469,13265.237496618602,1.1181218046510918e+18,3235209891540416.5,literature_parameterized_uemr_template_not_proprietary_waveform
3,,134,85.3689468279539,518.9927922497384,11050.090823026332,182280276482.88644,27240624.230644293,literature_parameterized_uemr_template_not_proprietary_waveform
3,,135,85.36158447827216,518.9305351871659,11049.574786364266,181573024779.33615,27130687.5223753,literature_parameterized_uemr_template_not_proprietary_waveform
3,,136,85.34287211074164,518.8030817765817,11050.123588221737,182486636558.3162,27273840.352300458,literature_parameterized_uemr_template_not_proprietary_waveform
3,,137,85.34269761725254,518.8008182372245,11050.139242769,182514910546.7514,27278249.01027252,literature_parameterized_uemr_template_not_proprietary_waveform
3,,2826,85.21108275057341,557.4828579695894,12185.265545641085,439475732500143.2,124941301497.37282,literature_parameterized_uemr_template_not_proprietary_waveform
3,,2830,85.20602167787125,557.3814998067945,12184.413413738519,436867974210091.75,124137964731.15903,literature_parameterized_uemr_template_not_proprietary_waveform
3,,2831,85.20602167787125,557.3814998067945,12184.413413738519,436867974210091.75,124137964731.15903,literature_parameterized_uemr_template_not_proprietary_waveform
3,,2832,85.18526701622366,557.5703422856263,12184.523343532815,437231810382597.0,124248551697.02708,literature_parameterized_uemr_template_not_proprietary_waveform
3,,2827,85.17026794598611,557.5672411114487,12185.262209602704,439490448349480.8,124946530676.56769,literature_parameterized_uemr_template_not_proprietary_waveform
3,,2829,85.16360412023471,557.5202884751883,12185.921165099251,441558854341611.5,125585843327.82216,literature_parameterized_uemr_template_not_proprietary_waveform
3,,2828,85.02980653993117,557.6394694682384,12187.333872418516,445507906525217.7,126811340330.2209,literature_parameterized_uemr_template_not_proprietary_waveform
3,,3549,83.88832528331888,558.8183127388386,11931.849819283605,61246772685934.875,14080747315.781488,literature_parameterized_uemr_template_not_proprietary_waveform
3,,3547,83.85485257442637,558.8989891390593,11932.017336992216,61351292074305.055,14106672679.651058,literature_parameterized_uemr_template_not_proprietary_waveform
3,,3548,83.85485257442637,558.8989891390593,11932.017336992216,61351292074305.055,14106672679.651058,literature_parameterized_uemr_template_not_proprietary_waveform
3,,3550,83.7831285557507,559.1361638033048,11933.955531950587,62247327723858.375,14329386991.27242,literature_parameterized_uemr_template_not_proprietary_waveform
3,,3551,83.77150067156649,559.0858682199097,11933.89317752663,62206192115875.69,14319334676.115799,literature_parameterized_uemr_template_not_proprietary_waveform
3,,3546,83.74455810053823,558.8815392777817,11934.099803935675,62213608737517.68,14321937401.619787,literature_parameterized_uemr_template_not_proprietary_waveform
3,,2909,83.2452438074993,559.7632593509089,12912.759138579091,6.802554251814021e+16,33887775475268.547,literature_parameterized_uemr_template_not_proprietary_waveform
3,,2910,83.20555433787908,559.9037224623357,12912.891108633166,6.8119202547308504e+16,33941580158595.445,literature_parameterized_uemr_template_not_proprietary_waveform
3,,2914,83.19916167907704,559.8887018175843,12912.987618316589,6.816950960679256e+16,33970887017516.066,literature_parameterized_uemr_template_not_proprietary_waveform
3,,2915,83.19206268817663,559.8888779092646,12913.028064568061,6.819261523622174e+16,33984120068851.64,literature_parameterized_uemr_template_not_proprietary_waveform
3,,2911,83.14368923341671,559.8623598543218,12913.249095358038,6.821602241410904e+16,33998513133644.984,literature_parameterized_uemr_template_not_proprietary_waveform
3,,2913,83.11909990897246,559.9480210785787,12913.348497890562,6.833812451271031e+16,34067590418639.156,literature_parameterized_uemr_template_not_proprietary_waveform
3,,2912,83.06867072266681,559.9220633856896,12913.669663206116,6.846984064189636e+16,34143298680907.523,literature_parameterized_uemr_template_not_proprietary_waveform
3,,4126,82.85447383928827,560.3440681650299,12180.003027952022,344089169572615.06,91619341854.0784,literature_parameterized_uemr_template_not_proprietary_waveform
3,,4127,82.85447383928827,560.3440681650299,12180.003027952022,344089169572615.06,91619341854.0784,literature_parameterized_uemr_template_not_proprietary_waveform
3,,4128,82.84131183867899,560.3978916306565,12181.146215575858,347093052969925.6,92484063299.80968,literature_parameterized_uemr_template_not_proprietary_waveform
3,,4129,82.83937072015371,560.3982142328786,12181.196807134209,347227495180281.44,92522813052.58292,literature_parameterized_uemr_template_not_proprietary_waveform
3,,4130,82.8332591502777,560.3204178180576,12181.195352361521,346837677373447.0,92413070394.33287,literature_parameterized_uemr_template_not_proprietary_waveform
3,,4123,82.83037235945763,560.3681673966917,12181.131977048315,346732943650614.56,92382336105.2441,literature_parameterized_uemr_template_not_proprietary_waveform
3,,4124,82.7653783565414,560.4074076083689,12182.910700901328,351252185611895.25,93686440541.99083,literature_parameterized_uemr_template_not_proprietary_waveform
3,,4125,82.7653783565414,560.4074076083689,12182.910700901328,351252185611895.25,93686440541.99083,literature_parameterized_uemr_template_not_proprietary_waveform
3,,4180,81.7932035391485,560.9187875928161,13256.411445462394,1.5199874895576397e+18,4243939452081983.0,literature_parameterized_uemr_template_not_proprietary_waveform
3,,4179,81.79241734194322,560.9019717623805,13256.43587093293,1.5200284706243932e+18,4244025420176742.0,literature_parameterized_uemr_template_not_proprietary_waveform
3,,4176,81.78571577423038,560.8679616473968,13256.44957924058,1.5199827161426547e+18,4243740354551215.0,literature_parameterized_uemr_template_not_proprietary_waveform
3,,4178,81.78498362279313,560.8507819970174,13256.479149853752,1.5199711892838339e+18,4243772915551272.5,literature_parameterized_uemr_template_not_proprietary_waveform
4,,4332,88.91142273701713,556.4007849993482,12854.937893902794,3.919067849274765e+16,16874983908082.648,literature_parameterized_uemr_template_not_proprietary_waveform
4,,4330,88.9108488812973,556.3821556154827,12855.075726574805,3.922141722457353e+16,16890167534550.473,literature_parameterized_uemr_template_not_proprietary_waveform
4,,4331,88.90112284347664,556.4136645856674,12855.066809311187,3.92318200382876e+16,16894997861862.402,literature_parameterized_uemr_template_not_proprietary_waveform
4,,4328,88.89308252692761,556.3887394573932,12855.169739098888,3.9246759891490344e+16,16902450363593.395,literature_parameterized_uemr_template_not_proprietary_waveform
4,,4329,88.89308252692761,556.3887394573932,12855.169739098888,3.9246759891490344e+16,16902450363593.395,literature_parameterized_uemr_template_not_proprietary_waveform
4,,4286,87.44142040629485,556.8569818289767,13263.765881886242,1.8604308526580797e+18,5284720259794126.0,literature_parameterized_uemr_template_not_proprietary_waveform
4,,4287,87.44142040629485,556.8569818289767,13263.765881886242,1.8604308526580797e+18,5284720259794126.0,literature_parameterized_uemr_template_not_proprietary_waveform
4,,2241,87.42297126030469,550.3007394435124,13256.215055489847,1.1444624021152408e+18,3210260471830389.5,literature_parameterized_uemr_template_not_proprietary_waveform
4,,2242,87.41677877776497,550.2777751049179,13256.256992469296,1.1445343372490808e+18,3210470933377687.5,literature_parameterized_uemr_template_not_proprietary_waveform
4,,2239,87.41643575538234,550.3789397898623,13256.145783135178,1.1443930012404915e+18,3210001207672911.0,literature_parameterized_uemr_template_not_proprietary_waveform
4,,2240,87.41151414884725,550.3683982485579,13256.161280477252,1.1444230702614872e+18,3210083145328332.5,literature_parameterized_uemr_template_not_proprietary_waveform
4,,2238,87.34254135941208,550.4781212855409,13256.108313211611,1.1443725852638621e+18,3209802107390770.0,literature_parameterized_uemr_template_not_proprietary_waveform
4,,4315,87.25749763668765,556.8441848890296,13265.013499206925,1.0899025556606732e+18,3171199386177746.5,literature_parameterized_uemr_template_not_proprietary_waveform
4,,4316,87.19791244050703,556.9243887675832,13264.962828353093,1.089957196226972e+18,3171336647043900.5,literature_parameterized_uemr_template_not_proprietary_waveform
4,,4288,87.17548565684179,557.011375923078,13263.672474916271,1.859444307289163e+18,5281498027576240.0,literature_parameterized_uemr_template_not_proprietary_waveform
4,,4289,87.17548565684179,557.011375923078,13263.672474916271,1.859444307289163e+18,5281498027576240.0,literature_parameterized_uemr_template_not_proprietary_waveform
4,,4290,87.0003907638452,557.02504898623,13263.708321215454,1.8590770875422126e+18,5280310945645072.0,literature_parameterized_uemr_template_not_proprietary_waveform
4,,4317,86.82516818257429,557.1229360937688,13264.986641597357,1.0901581025719085e+18,3172091146759432.5,literature_parameterized_uemr_template_not_proprietary_waveform
4,,4318,86.82516818257429,557.1229360937688,13264.986641597357,1.0901581025719085e+18,3172091146759432.5,literature_parameterized_uemr_template_not_proprietary_waveform
4,,4319,86.80012875164327,557.0427661761408,13265.075219058825,1.0903355729479515e+18,3172577409241242.5,literature_parameterized_uemr_template_not_proprietary_waveform
4,,4320,86.7638736992138,557.1732188474878,13264.985474088748,1.0903830163167732e+18,3172656072973514.5,literature_parameterized_uemr_template_not_proprietary_waveform
4,,2141,86.19285317937714,557.0469884368196,13260.264419884194,1.2961530213128504e+18,2517998782036362.0,literature_parameterized_uemr_template_not_proprietary_waveform
4,,2145,86.03990519744374,556.9383570828325,13260.466639613076,1.2960686411716692e+18,2521337633594945.5,literature_parameterized_uemr_template_not_proprietary_waveform
4,,2146,86.03932562088201,556.9037046568344,13260.465144604037,1.2960413951438397e+18,2521622622103673.5,literature_parameterized_uemr_template_not_proprietary_waveform
4,,2142,86.00685398735725,556.9999044473913,13260.411159839861,1.2959749158666166e+18,2521298556054661.0,literature_parameterized_uemr_template_not_proprietary_waveform
4,,2143,85.94238612745474,557.0687265860569,13260.378085746574,1.295874956354315e+18,2522351369721190.5,literature_parameterized_uemr_template_not_proprietary_waveform
4,,2144,85.94238612745474,557.0687265860569,13260.378085746574,1.295874956354315e+18,2522351369721190.5,literature_parameterized_uemr_template_not_proprietary_waveform
4,,249,85.48859329404743,557.8323305385194,13086.49714124212,2.374321893168184e+17,149203560162631.4,literature_parameterized_uemr_template_not_proprietary_waveform
4,,250,85.46617168386771,557.8422074899593,13086.658181808267,2.3772982071241984e+17,149429820153598.06,literature_parameterized_uemr_template_not_proprietary_waveform
4,,251,85.44132661678407,557.9303536872076,13086.746776812148,2.3800717230648026e+17,149637888005356.47,literature_parameterized_uemr_template_not_proprietary_waveform
4,,252,85.38582911152722,557.920145953611,13087.14341450277,2.386156205312514e+17,150102468816891.5,literature_parameterized_uemr_template_not_proprietary_waveform
4,,253,85.36840133013418,557.8929885496037,13087.245785452056,2.3868534853957568e+17,150157952351083.34,literature_parameterized_uemr_template_not_proprietary_waveform
4,,254,85.35372841345462,557.809607990153,13087.380207546781,2.3881255086611734e+17,150256935998931.72,literature_parameterized_uemr_template_not_proprietary_waveform
4,,2207,84.86547185670508,553.2182585333316,13253.92608082716,1.2781021108395026e+18,2392576553539526.0,literature_parameterized_uemr_template_not_proprietary_waveform
4,,2206,84.86379759570609,553.2458500680665,13253.888683389217,1.2780747037942116e+18,2392496045259932.5,literature_parameterized_uemr_template_not_proprietary_waveform
4,,2204,84.84736530721007,553.3631408209786,13253.796161463517,1.2779879498225016e+18,2391441564020711.0,literature_parameterized_uemr_template_not_proprietary_waveform
4,,2205,84.84736530721007,553.3631408209786,13253.796161463517,1.2779879498225016e+18,2391441564020711.0,literature_parameterized_uemr_template_not_proprietary_waveform
4,,2203,84.84338620532975,553.4063290896049,13253.753839561063,1.2779475775895468e+18,2391131811998313.5,literature_parameterized_uemr_template_not_proprietary_waveform
4,,3580,84.13328281579703,559.2523471916334,12805.57427327503,3.142073756801226e+16,14042159816173.086,literature_parameterized_uemr_template_not_proprietary_waveform
4,,3582,84.12958661591051,559.1955032564942,12805.010414116894,3.1278935487563284e+16,13970572043310.803,literature_parameterized_uemr_template_not_proprietary_waveform
4,,3579,84.12532884695071,559.301402649093,12804.914316425176,3.129267775522183e+16,13977002502096.736,literature_parameterized_uemr_template_not_proprietary_waveform
4,,3581,84.11980121136067,559.3612440755419,12805.321339632535,3.1373848243926344e+16,14018054356890.613,literature_parameterized_uemr_template_not_proprietary_waveform
4,,3578,84.11958777045682,558.9308754292757,12805.657967592577,3.138795798974663e+16,14026380756864.725,literature_parameterized_uemr_template_not_proprietary_waveform
4,,114,83.18428098957227,559.3553472140339,13270.027462566944,1.6845122899358917e+18,2799423985369855.5,literature_parameterized_uemr_template_not_proprietary_waveform
4,,116,83.01440831448613,559.5839275113357,13269.950100505182,1.6845068938416512e+18,2804963633552688.0,literature_parameterized_uemr_template_not_proprietary_waveform
4,,117,82.91218898051079,559.7435001982589,13269.967953134392,1.685348665972776e+18,2809290527836605.0,literature_parameterized_uemr_template_not_proprietary_waveform
4,,118,82.89781965537912,559.7450992779799,13269.987357562273,1.6853824869813542e+18,2809906122079679.0,literature_parameterized_uemr_template_not_proprietary_waveform
4,,115,82.88014073916342,559.9290205931401,13269.850584539605,1.685913114725896e+18,2811124791027387.0,literature_parameterized_uemr_template_not_proprietary_waveform
4,,119,82.8450970833043,559.5443227715174,13270.207255541052,1.6854180480247037e+18,2811667481469226.0,literature_parameterized_uemr_template_not_proprietary_waveform
4,,2322,81.87760676481291,561.4027780954784,13267.731011845588,1.1683316043276365e+18,3324998320675162.0,literature_parameterized_uemr_template_not_proprietary_waveform
5,,3858,89.06041560209911,556.237593658809,11682.31418166508,13686936367516.02,2769382428.893198,literature_parameterized_uemr_template_not_proprietary_waveform
5,,3860,89.05131543627742,556.0551623126688,11682.006882336373,13656571302452.07,2762806414.61252,literature_parameterized_uemr_template_not_proprietary_waveform
5,,3862,89.03955222237812,556.1272940989408,11682.688961792654,13719151359902.848,2776444508.4061484,literature_parameterized_uemr_template_not_proprietary_waveform
5,,3861,89.02695039486059,556.1433228086631,11682.94387125607,13744416673852.434,2781947066.9054155,literature_parameterized_uemr_template_not_proprietary_waveform
5,,3859,89.02519530560069,556.2006556605223,11683.064128596538,13759230719247.623,2785152348.5301504,literature_parameterized_uemr_template_not_proprietary_waveform
5,,3857,89.00629251591077,556.1138321509225,11680.427396505098,13490201712725.975,2726617726.7387204,literature_parameterized_uemr_template_not_proprietary_waveform
5,,428,86.83186270167941,556.8462532680783,12523.083293462276,4402466637752706.0,1555696107387.2512,literature_parameterized_uemr_template_not_proprietary_waveform
5,,429,86.82002181442722,556.8878810296756,12522.852248209869,4396915798211993.5,1553516027307.0618,literature_parameterized_uemr_template_not_proprietary_waveform
5,,432,86.72424687928581,557.0435195398732,12521.859989938244,4373025643140381.0,1544136426700.1184,literature_parameterized_uemr_template_not_proprietary_waveform
5,,430,86.64363109829422,557.0200983750105,12521.286932505722,4354284401515975.0,1536844449536.296,literature_parameterized_uemr_template_not_proprietary_waveform
5,,431,86.63360017454575,557.0247434350173,12521.18663918105,4351410965390824.5,1535723718662.2039,literature_parameterized_uemr_template_not_proprietary_waveform
5,,3754,85.23507335700626,557.8349558983485,13023.47282174032,1.4122516675377514e+17,80103096990332.95,literature_parameterized_uemr_template_not_proprietary_waveform
5,,3753,85.21516639812438,557.8809814994479,13023.324040069196,1.411091494479259e+17,80024505608473.83,literature_parameterized_uemr_template_not_proprietary_waveform
5,,3752,85.2148787518278,557.7538818028094,13023.550352531121,1.4125438543113314e+17,80124308792232.78,literature_parameterized_uemr_template_not_proprietary_waveform
5,,3755,85.19065084435289,557.8299960487161,13023.273617300678,1.4102090136681294e+17,79966720600934.52,literature_parameterized_uemr_template_not_proprietary_waveform
5,,3750,85.09958319726864,557.7735649176462,13022.982130920569,1.4058072395060234e+17,79673820560495.53,literature_parameterized_uemr_template_not_proprietary_waveform
5,,3751,85.08875887510446,557.802523991845,13022.929015933169,1.4058752973113291e+17,79676260418919.69,literature_parameterized_uemr_template_not_proprietary_waveform
5,,451,83.45846375597775,559.693119632483,12705.923479887042,1.554874350872078e+16,6331219210960.177,literature_parameterized_uemr_template_not_proprietary_waveform
5,,452,83.45846375597775,559.693119632483,12705.923479887042,1.554874350872078e+16,6331219210960.177,literature_parameterized_uemr_template_not_proprietary_waveform
5,,453,83.33952018292777,559.7808313336644,12705.229397071058,1.5476809211379876e+16,6298396061105.5,literature_parameterized_uemr_template_not_proprietary_waveform
5,,449,83.3346933566642,559.6193559916677,12705.499434374637,1.5492132695855734e+16,6305573564572.314,literature_parameterized_uemr_template_not_proprietary_waveform
5,,450,83.26602382126464,559.7828694537509,12704.924768557941,1.5438816885694964e+16,6281131196893.82,literature_parameterized_uemr_template_not_proprietary_waveform
5,,2103,79.94189705346962,564.2493651493907,11118.119375586448,156908005118.04373,24021575.924339246,literature_parameterized_uemr_template_not_proprietary_waveform
5,,2107,79.90628533236136,563.9822636598266,11119.78141243718,159056284790.4221,24371416.910865184,literature_parameterized_uemr_template_not_proprietary_waveform
5,,2108,79.87367450165246,564.0696827506738,11120.496712739645,160051716982.07413,24532821.998424932,literature_parameterized_uemr_template_not_proprietary_waveform
5,,2109,79.85523867764401,563.9552061625461,11120.876474569444,160306944165.03522,24575346.266566724,literature_parameterized_uemr_template_not_proprietary_waveform
5,,2105,79.854245117388,564.0815691500037,11120.793558094627,160400719780.8114,24589666.645391,literature_parameterized_uemr_template_not_proprietary_waveform
5,,2106,79.854245117388,564.0815691500037,11120.793558094627,160400719780.8114,24589666.645391,literature_parameterized_uemr_template_not_proprietary_waveform
5,,2104,79.78132204281924,564.3885226700697,11122.190887243825,162265000832.30984,24892036.866903227,literature_parameterized_uemr_template_not_proprietary_waveform
5,,1714,78.41913598167096,566.8684987553752,12599.559729962752,7442179702774632.0,2607817399424.134,literature_parameterized_uemr_template_not_proprietary_waveform
5,,1715,78.41913598167096,566.8684987553752,12599.559729962752,7442179702774632.0,2607817399424.134,literature_parameterized_uemr_template_not_proprietary_waveform
5,,1716,78.33501437430577,566.7510720963205,12600.875638062267,7502979481341497.0,2631468689460.088,literature_parameterized_uemr_template_not_proprietary_waveform
5,,1717,78.3327268552326,566.6547500398353,12600.954047653851,7504350230605749.0,2632034190688.8457,literature_parameterized_uemr_template_not_proprietary_waveform
5,,1718,78.32308579144048,566.9003877942406,12600.956099330328,7512293500910274.0,2635021217360.813,literature_parameterized_uemr_template_not_proprietary_waveform
5,,1719,78.32308579144048,566.9003877942406,12600.956099330328,7512293500910274.0,2635021217360.813,literature_parameterized_uemr_template_not_proprietary_waveform
5,,1713,78.21852868444051,567.0650657684988,12602.09864614266,7565889420583284.0,2655852355935.1655,literature_parameterized_uemr_template_not_proprietary_waveform
5,,3016,77.08949434584768,569.5154118873874,13259.163154726039,1.1671854103152883e+18,3260048646380853.5,literature_parameterized_uemr_template_not_proprietary_waveform
5,,3017,77.08933452070256,569.4643910403804,13259.207904323262,1.167199948805693e+18,3260087985985753.0,literature_parameterized_uemr_template_not_proprietary_waveform
5,,3021,77.08406605158572,569.5666415626906,13259.087540595445,1.16740033882077e+18,3260071164454633.5,literature_parameterized_uemr_template_not_proprietary_waveform
5,,3019,77.06558567203327,569.6810524997742,13259.081497209307,1.1675020822673385e+18,3259929699823574.0,literature_parameterized_uemr_template_not_proprietary_waveform
5,,3020,77.06558567203327,569.6810524997742,13259.081497209307,1.1675020822673385e+18,3259929699823574.0,literature_parameterized_uemr_template_not_proprietary_waveform
5,,3018,77.05427060307004,569.6517822122771,13259.163522151044,1.1676982904274117e+18,3260054176127449.5,literature_parameterized_uemr_template_not_proprietary_waveform
5,,4238,75.1931468902427,573.4570675759051,13273.936332982077,1.7854342508777915e+18,2368159722670802.5,literature_parameterized_uemr_template_not_proprietary_waveform
5,,4236,75.05955611129887,573.5213294070498,13273.853542599558,1.784145249924362e+18,2347099384999903.0,literature_parameterized_uemr_template_not_proprietary_waveform
5,,4237,75.03155334008216,573.6564974898096,13273.828038479905,1.7841102827193772e+18,2344880238762353.0,literature_parameterized_uemr_template_not_proprietary_waveform
5,,4234,75.0065384564035,573.7891119505372,13273.810389735623,1.7835760675492134e+18,2338365444136052.0,literature_parameterized_uemr_template_not_proprietary_waveform
5,,4235,75.0065384564035,573.7891119505372,13273.810389735623,1.7835760675492134e+18,2338365444136052.0,literature_parameterized_uemr_template_not_proprietary_waveform
5,,3596,74.92658574151248,574.9130141643291,12382.94722282869,1404074044690542.5,447728739548.1795,literature_parameterized_uemr_template_not_proprietary_waveform
5,,3595,74.89094668423084,574.8886561689877,12383.332506251905,1406407435271398.8,448559327039.4212,literature_parameterized_uemr_template_not_proprietary_waveform
5,,3601,74.85600815032501,574.9187647806255,12383.906271403872,1413520245025622.0,451037245420.1813,literature_parameterized_uemr_template_not_proprietary_waveform
6,,261,89.88214578789733,555.8239726269057,13262.55321311095,1.1737011424454648e+18,3200759952215411.0,literature_parameterized_uemr_template_not_proprietary_waveform
6,,262,89.88214578789733,555.8239726269057,13262.55321311095,1.1737011424454648e+18,3200759952215411.0,literature_parameterized_uemr_template_not_proprietary_waveform
6,,266,89.6845904287916,555.8951317638993,13262.474432252488,1.1736895245577894e+18,3200168782794097.0,literature_parameterized_uemr_template_not_proprietary_waveform
6,,265,89.58024169306368,555.8785099873559,13262.512646962168,1.1738048128025242e+18,3200252170068505.0,literature_parameterized_uemr_template_not_proprietary_waveform
6,,263,89.2897723728062,555.9599547473169,13262.496897647814,1.173813327886775e+18,3199580507990785.5,literature_parameterized_uemr_template_not_proprietary_waveform
6,,264,89.2897723728062,555.9599547473169,13262.496897647814,1.173813327886775e+18,3199580507990785.5,literature_parameterized_uemr_template_not_proprietary_waveform
6,,3204,88.39887841721846,556.3140549685996,13028.878639161274,1.4767959952524675e+17,77464547724902.8,literature_parameterized_uemr_template_not_proprietary_waveform
6,,3205,88.3544530203735,556.2836177198884,13028.69183548587,1.4733873803598627e+17,77257265157305.44,literature_parameterized_uemr_template_not_proprietary_waveform
6,,3208,88.22156228355284,556.2508049258995,13028.42795475503,1.4699951474919242e+17,77049929404391.72,literature_parameterized_uemr_template_not_proprietary_waveform
6,,3209,88.22156228355284,556.2508049258995,13028.42795475503,1.4699951474919242e+17,77049929404391.72,literature_parameterized_uemr_template_not_proprietary_waveform
6,,3207,88.17780163102543,556.3371505388127,13028.188469210534,1.4678916696166122e+17,76920084323966.0,literature_parameterized_uemr_template_not_proprietary_waveform
6,,3206,88.07349094990924,556.1956944927316,13027.956346391888,1.4610850603439546e+17,76510755477284.9,literature_parameterized_uemr_template_not_proprietary_waveform
6,,803,87.857482877784,556.4597222158174,13263.78934347753,1.7946631169928622e+18,5089010680977035.0,literature_parameterized_uemr_template_not_proprietary_waveform
6,,804,87.857482877784,556.4597222158174,13263.78934347753,1.7946631169928622e+18,5089010680977035.0,literature_parameterized_uemr_template_not_proprietary_waveform
6,,802,87.85573176493546,556.3830721940135,13263.84896909688,1.795178904435202e+18,5090272258598114.0,literature_parameterized_uemr_template_not_proprietary_waveform
6,,799,87.84111937886452,556.4504367631521,13263.803520761052,1.7954303120534548e+18,5090849112025987.0,literature_parameterized_uemr_template_not_proprietary_waveform
6,,801,87.837174562379,556.5515398000681,13263.673726778157,1.7945838176834883e+18,5088767782985916.0,literature_parameterized_uemr_template_not_proprietary_waveform
6,,800,87.80863742924232,556.4723369579231,13263.765733886416,1.7948528347824858e+18,5089556483797750.0,literature_parameterized_uemr_template_not_proprietary_waveform
6,,2129,83.40465727422587,559.1396352924696,13254.124756469815,1.2809349374615148e+18,1338009154632363.2,literature_parameterized_uemr_template_not_proprietary_waveform
6,,2132,83.35135306684101,559.2890522465407,13253.903171594417,1.27913315170075e+18,1334937319004584.5,literature_parameterized_uemr_template_not_proprietary_waveform
6,,2133,83.34647693980462,559.2544507835067,13253.933413880955,1.2792109198022538e+18,1335056064247466.8,literature_parameterized_uemr_template_not_proprietary_waveform
6,,2134,83.34647693980462,559.2544507835067,13253.933413880955,1.2792109198022538e+18,1335056064247466.8,literature_parameterized_uemr_template_not_proprietary_waveform
6,,2131,83.34209590161396,559.4995587498744,13253.708031786637,1.2795307105558986e+18,1335367069401000.8,literature_parameterized_uemr_template_not_proprietary_waveform
6,,2130,83.30375155648233,559.4160719664517,13253.76781542641,1.2786604111675707e+18,1334049331842831.5,literature_parameterized_uemr_template_not_proprietary_waveform
6,,3014,82.7537193900035,560.3945168034375,12591.472707884486,5972949461935553.0,2072452577322.706,literature_parameterized_uemr_template_not_proprietary_waveform
6,,3015,82.7537193900035,560.3945168034375,12591.472707884486,5972949461935553.0,2072452577322.706,literature_parameterized_uemr_template_not_proprietary_waveform
6,,3013,82.67337349577322,560.5559331791447,12591.981261498702,5995836831410153.0,2081189179005.5874,literature_parameterized_uemr_template_not_proprietary_waveform
6,,3012,82.62184855934251,560.5397733448896,12592.461557119528,6011291833629331.0,2087157107320.832,literature_parameterized_uemr_template_not_proprietary_waveform
6,,215,81.2892428357303,562.5746893767404,13267.236420435162,1.0978735847248545e+18,3165808545694083.0,literature_parameterized_uemr_template_not_proprietary_waveform
6,,218,81.28305356866821,562.3839969869775,13267.483943751498,1.097804141913646e+18,3165932001331275.0,literature_parameterized_uemr_template_not_proprietary_waveform
6,,217,81.23718741898779,562.4816768136386,13267.433710775556,1.0977450376094003e+18,3165827079723282.0,literature_parameterized_uemr_template_not_proprietary_waveform
6,,216,81.23012638100687,562.5769819705196,13267.322344385811,1.0976624338707937e+18,3165511476088538.0,literature_parameterized_uemr_template_not_proprietary_waveform
6,,214,81.2170032062401,562.5253388068495,13267.451370430557,1.0976552201767165e+18,3165679633835545.0,literature_parameterized_uemr_template_not_proprietary_waveform
6,,794,81.11862763701494,562.2347888514876,13255.749553890362,1.3874135040857748e+18,3327613136679491.0,literature_parameterized_uemr_template_not_proprietary_waveform
6,,795,81.11862763701494,562.2347888514876,13255.749553890362,1.3874135040857748e+18,3327613136679491.0,literature_parameterized_uemr_template_not_proprietary_waveform
6,,793,80.96756909435473,562.3779551271027,13255.774034541373,1.3865321636638318e+18,3321973398080204.0,literature_parameterized_uemr_template_not_proprietary_waveform
6,,798,80.95939678646485,562.4377970355932,13255.705029795086,1.3863707794951196e+18,3321327434685513.0,literature_parameterized_uemr_template_not_proprietary_waveform
6,,796,80.91023540792169,562.5280515578518,13255.687279101678,1.3863807465829665e+18,3320005894928144.5,literature_parameterized_uemr_template_not_proprietary_waveform
6,,797,80.91023540792169,562.5280515578518,13255.687279101678,1.3863807465829665e+18,3320005894928144.5,literature_parameterized_uemr_template_not_proprietary_waveform
6,,3670,80.27771213230143,563.6276672447786,10879.683604848975,23555252941.214188,3702202.019310711,literature_parameterized_uemr_template_not_proprietary_waveform
6,,3671,80.27771213230143,563.6276672447786,10879.683604848975,23555252941.214188,3702202.019310711,literature_parameterized_uemr_template_not_proprietary_waveform
6,,3672,80.27051765194314,563.4759778315175,10877.8458922437,23163584708.814903,3657416.424463673,literature_parameterized_uemr_template_not_proprietary_waveform
6,,3674,80.26993448219568,563.4649059865573,10878.427088674523,23270017406.041206,3669991.3741078405,literature_parameterized_uemr_template_not_proprietary_waveform
6,,3673,80.26898074875773,563.4679265681194,10877.70108768443,23135947566.055832,3654292.283235674,literature_parameterized_uemr_template_not_proprietary_waveform
6,,3669,80.22703496009714,563.5067898523395,10876.199454661764,22882402346.360004,3624808.917314813,literature_parameterized_uemr_template_not_proprietary_waveform
6,,3455,78.04504722571392,567.2341157561324,13270.875171867978,1.6770882029617582e+18,1904189320069566.2,literature_parameterized_uemr_template_not_proprietary_waveform
6,,3456,78.03140613126627,567.2798181245445,13270.865594226934,1.6776052350370778e+18,1905550122997851.5,literature_parameterized_uemr_template_not_proprietary_waveform
6,,3457,78.00605212374344,567.2300066903482,13270.950019205373,1.6781129585653507e+18,1906762137758337.5,literature_parameterized_uemr_template_not_proprietary_waveform
6,,3458,78.00605212374344,567.2300066903482,13270.950019205373,1.6781129585653507e+18,1906762137758337.5,literature_parameterized_uemr_template_not_proprietary_waveform
6,,2137,75.13920903736303,574.1905889749322,12225.146483780922,471222317580546.44,136339074938.77136,literature_parameterized_uemr_template_not_proprietary_waveform
7,,641,88.24079899216281,556.4846347134587,12038.80495710464,161487383004441.38,40067607687.148544,literature_parameterized_uemr_template_not_proprietary_waveform
7,,4547,87.89868631559655,556.5388588040297,13102.22590793116,2.7104387871788995e+17,158503182881882.44,literature_parameterized_uemr_template_not_proprietary_waveform
7,,642,87.89684078122903,556.6118516211823,12037.123906887779,159652779390650.7,39572486714.794464,literature_parameterized_uemr_template_not_proprietary_waveform
7,,639,87.80734420036441,556.7074342805175,12036.513274576964,158912365896755.56,39373170184.091736,literature_parameterized_uemr_template_not_proprietary_waveform
7,,640,87.78238080519259,556.7028296007626,12036.466446459372,158886516265485.0,39366111426.8817,literature_parameterized_uemr_template_not_proprietary_waveform
7,,4545,87.40633474263112,556.8787587178404,13103.024239179187,2.7349059642697126e+17,160204275110074.22,literature_parameterized_uemr_template_not_proprietary_waveform
7,,4546,87.40633474263112,556.8787587178404,13103.024239179187,2.7349059642697126e+17,160204275110074.22,literature_parameterized_uemr_template_not_proprietary_waveform
7,,4548,87.34511299757767,556.4476484861747,13103.40654733879,2.7334064248423405e+17,160119456797027.06,literature_parameterized_uemr_template_not_proprietary_waveform
7,,4549,87.34511299757767,556.4476484861747,13103.40654733879,2.7334064248423405e+17,160119456797027.06,literature_parameterized_uemr_template_not_proprietary_waveform
7,,4544,87.2971652574629,556.9087798469926,13103.214751935493,2.7388917762672483e+17,160485904265976.53,literature_parameterized_uemr_template_not_proprietary_waveform
7,,4543,86.88304258224078,557.025068162746,13103.874709334772,2.7519306862528166e+17,161402031748609.1,literature_parameterized_uemr_template_not_proprietary_waveform
7,,4499,86.62884283454335,557.2464203051779,13263.562665786987,1.760402775652651e+18,4961805413206668.0,literature_parameterized_uemr_template_not_proprietary_waveform
7,,4500,86.62884283454335,557.2464203051779,13263.562665786987,1.760402775652651e+18,4961805413206668.0,literature_parameterized_uemr_template_not_proprietary_waveform
7,,3563,86.50643279068981,557.2928560812012,13260.120895471593,1.1593556752564713e+18,3108814201660488.0,literature_parameterized_uemr_template_not_proprietary_waveform
7,,4498,86.26701822312184,557.5391526501679,13263.386841313075,1.759798903031588e+18,4959266379193176.0,literature_parameterized_uemr_template_not_proprietary_waveform
7,,4501,86.23466984116769,557.5792926359799,13263.326772379236,1.759633062492703e+18,4958785627932749.0,literature_parameterized_uemr_template_not_proprietary_waveform
7,,4502,86.23466984116769,557.5792926359799,13263.326772379236,1.759633062492703e+18,4958785627932749.0,literature_parameterized_uemr_template_not_proprietary_waveform
7,,4496,86.21606613215718,557.5886895086308,13263.374053019183,1.7598253409508383e+18,4959233946533695.0,literature_parameterized_uemr_template_not_proprietary_waveform
7,,4497,86.10104545306879,557.5236312435169,13263.485871330133,1.7596065686392584e+18,4958618250027627.0,literature_parameterized_uemr_template_not_proprietary_waveform
7,,3569,85.96263766240804,557.5466869807974,13260.23027717453,1.1600017518846006e+18,3107998433269025.0,literature_parameterized_uemr_template_not_proprietary_waveform
7,,3570,85.96263766240804,557.5466869807974,13260.23027717453,1.1600017518846006e+18,3107998433269025.0,literature_parameterized_uemr_template_not_proprietary_waveform
7,,3567,85.92374573155126,557.7759650023188,13259.998427480805,1.1601471596888968e+18,3107344224265640.5,literature_parameterized_uemr_template_not_proprietary_waveform
7,,3568,85.92374573155126,557.7759650023188,13259.998427480805,1.1601471596888968e+18,3107344224265640.5,literature_parameterized_uemr_template_not_proprietary_waveform
7,,3564,85.92012475486595,557.6782686086008,13260.144290228947,1.160113074977974e+18,3107736647867807.5,literature_parameterized_uemr_template_not_proprietary_waveform
7,,3571,85.8889314414029,557.510187207428,13260.311838997624,1.1599922430678116e+18,3107499380038826.5,literature_parameterized_uemr_template_not_proprietary_waveform
7,,3572,85.8889314414029,557.510187207428,13260.311838997624,1.1599922430678116e+18,3107499380038826.5,literature_parameterized_uemr_template_not_proprietary_waveform
7,,3565,85.58858124670385,557.7572733589033,13260.135110938649,1.16028955515986e+18,3106472050405399.0,literature_parameterized_uemr_template_not_proprietary_waveform
7,,3566,85.58858124670385,557.7572733589033,13260.135110938649,1.16028955515986e+18,3106472050405399.0,literature_parameterized_uemr_template_not_proprietary_waveform
7,,3591,84.13507861062872,559.0455774249897,12453.625235342291,2741222679670909.5,921711879274.1818,literature_parameterized_uemr_template_not_proprietary_waveform
7,,3593,84.13362407537906,558.9921359448934,12453.280442158395,2732437856632488.0,918491526324.9607,literature_parameterized_uemr_template_not_proprietary_waveform
7,,3594,84.13362407537906,558.9921359448934,12453.280442158395,2732437856632488.0,918491526324.9607,literature_parameterized_uemr_template_not_proprietary_waveform
7,,3592,84.1126065378479,558.9988914422933,12453.084767462817,2727820564895855.0,916788189903.5494,literature_parameterized_uemr_template_not_proprietary_waveform
7,,3589,84.10943171256363,559.0260400437893,12453.447999334265,2738704352653191.5,920777276541.5844,literature_parameterized_uemr_template_not_proprietary_waveform
7,,3590,83.9981240767698,559.1410629537395,12451.900282176111,2709439555086574.0,909967147799.5939,literature_parameterized_uemr_template_not_proprietary_waveform
7,,3588,83.89047380816075,559.1689123838611,11463.764901343025,2867739833703.554,535918366.5612354,literature_parameterized_uemr_template_not_proprietary_waveform
7,,3585,83.8872211038431,559.222814177248,11463.914705915031,2874312106804.3374,537223456.7152104,literature_parameterized_uemr_template_not_proprietary_waveform
7,,3586,83.85869254738301,559.0144889499661,11464.653353809861,2888867841787.0073,540161278.907175,literature_parameterized_uemr_template_not_proprietary_waveform
7,,3583,83.79368380852566,559.2928770380693,11464.885499634538,2893359173340.6855,541054868.6549554,literature_parameterized_uemr_template_not_proprietary_waveform
7,,3587,83.78259228116553,559.3080926597236,11464.944849503852,2895141956474.357,541410299.1267042,literature_parameterized_uemr_template_not_proprietary_waveform
7,,3584,83.72385158376744,559.3956839774006,11465.434769344363,2905040884083.813,543401204.0876576,literature_parameterized_uemr_template_not_proprietary_waveform
7,,3766,81.76763936686207,561.7166662390864,13267.727696736089,1.0676391878772342e+18,3080336716347147.5,literature_parameterized_uemr_template_not_proprietary_waveform
7,,3767,81.76763936686207,561.7166662390864,13267.727696736089,1.0676391878772342e+18,3080336716347147.5,literature_parameterized_uemr_template_not_proprietary_waveform
7,,3769,81.74478439389968,561.6645001237891,13267.80600171912,1.067817174976137e+18,3080849623004952.5,literature_parameterized_uemr_template_not_proprietary_waveform
7,,3768,81.74093661976347,561.7135420507356,13267.776183374179,1.0678215453597226e+18,3080862250711317.0,literature_parameterized_uemr_template_not_proprietary_waveform
7,,3770,81.73668569422485,561.6022868461957,13267.864856488282,1.06791103566998e+18,3081095997876004.0,literature_parameterized_uemr_template_not_proprietary_waveform
7,,3771,81.73668569422485,561.6022868461957,13267.864856488282,1.06791103566998e+18,3081095997876004.0,literature_parameterized_uemr_template_not_proprietary_waveform
7,,3856,81.49509318837812,561.7661970274318,13261.973491559855,1.9232124016570043e+18,5475144504806245.0,literature_parameterized_uemr_template_not_proprietary_waveform
7,,3853,81.46965606617998,561.9137952109659,13261.892810276751,1.9232875646925906e+18,5475200512946537.0,literature_parameterized_uemr_template_not_proprietary_waveform
7,,3854,81.46965606617998,561.9137952109659,13261.892810276751,1.9232875646925906e+18,5475200512946537.0,literature_parameterized_uemr_template_not_proprietary_waveform
7,,3855,81.44856395589747,561.8879050066461,13261.920830153638,1.923073127273749e+18,5474695050162377.0,literature_parameterized_uemr_template_not_proprietary_waveform
8,,1572,88.06122283237482,556.638488731891,13263.232761952082,1.715443700251531e+18,4805223679959496.0,literature_parameterized_uemr_template_not_proprietary_waveform
8,,1569,88.03389887500974,556.7084157110311,13263.180265897481,1.7155876972590185e+18,4805589278585039.0,literature_parameterized_uemr_template_not_proprietary_waveform
8,,1570,88.03389887500974,556.7084157110311,13263.180265897481,1.7155876972590185e+18,4805589278585039.0,literature_parameterized_uemr_template_not_proprietary_waveform
8,,1571,87.92001627375932,556.7489413125967,13263.208355923429,1.7160777909927624e+18,4807193961676629.0,literature_parameterized_uemr_template_not_proprietary_waveform
8,,3665,87.51827547815573,556.5253447209147,13260.335547269302,1.1214355951502815e+18,3118639117270544.5,literature_parameterized_uemr_template_not_proprietary_waveform
8,,3666,87.51827547815573,556.5253447209147,13260.335547269302,1.1214355951502815e+18,3118639117270544.5,literature_parameterized_uemr_template_not_proprietary_waveform
8,,3664,87.511842999233,556.6097262187573,13260.310739479453,1.1215120061292535e+18,3118085604175245.0,literature_parameterized_uemr_template_not_proprietary_waveform
8,,3663,87.50463555128063,556.7664905527241,13260.143613505024,1.1212893561231645e+18,3117774994563870.5,literature_parameterized_uemr_template_not_proprietary_waveform
8,,3667,87.49333755708726,556.581916122859,13260.3847124979,1.1215675232811501e+18,3118086520051709.0,literature_parameterized_uemr_template_not_proprietary_waveform
8,,3668,87.49333755708726,556.581916122859,13260.3847124979,1.1215675232811501e+18,3118086520051709.0,literature_parameterized_uemr_template_not_proprietary_waveform
8,,993,87.39206153075583,556.951157522275,13155.114582618822,4.368650879042596e+17,283828317524148.1,literature_parameterized_uemr_template_not_proprietary_waveform
8,,997,87.29780845879326,556.8690354631216,13155.078103928796,4.3640626960679917e+17,283462860339234.56,literature_parameterized_uemr_template_not_proprietary_waveform
8,,998,87.29780845879326,556.8690354631216,13155.078103928796,4.3640626960679917e+17,283462860339234.56,literature_parameterized_uemr_template_not_proprietary_waveform
8,,996,87.13950655845649,556.9319644588156,13154.87776770501,4.353436406083124e+17,282618160414758.7,literature_parameterized_uemr_template_not_proprietary_waveform
8,,994,87.12346564443871,557.0240872613483,13154.74822534543,4.351160945321155e+17,282434885582269.2,literature_parameterized_uemr_template_not_proprietary_waveform
8,,995,87.10787454698063,556.889161455126,13154.849583255813,4.3488374866466515e+17,282259645333443.6,literature_parameterized_uemr_template_not_proprietary_waveform
8,,992,87.02117826155907,556.9815156299973,13154.696351155173,4.3450508925353306e+17,281954339352682.5,literature_parameterized_uemr_template_not_proprietary_waveform
8,,769,86.73038366087883,556.9003382216854,13112.149227948563,2.9536643921078803e+17,192706777855490.22,literature_parameterized_uemr_template_not_proprietary_waveform
8,,772,86.71044758730567,556.8434273743973,13112.599945007089,2.961834850151666e+17,193365942775808.97,literature_parameterized_uemr_template_not_proprietary_waveform
8,,773,86.69543781284554,556.8863251398562,13112.690317017608,2.9644235568463974e+17,193572016306892.62,literature_parameterized_uemr_template_not_proprietary_waveform
8,,771,86.68280496066009,556.9477725534229,13112.658941990037,2.9648554472496e+17,193600603227663.7,literature_parameterized_uemr_template_not_proprietary_waveform
8,,770,86.55278407976766,557.2355333112102,13113.098555460816,2.980977890617157e+17,194863242893727.28,literature_parameterized_uemr_template_not_proprietary_waveform
8,,2898,83.83466580648376,559.5178001625447,12736.213463557953,1.6638751577378372e+16,6910684456251.356,literature_parameterized_uemr_template_not_proprietary_waveform
8,,2899,83.83466580648376,559.5178001625447,12736.213463557953,1.6638751577378372e+16,6910684456251.356,literature_parameterized_uemr_template_not_proprietary_waveform
8,,2900,83.72777222032157,559.3702775266393,12735.845759348373,1.6560947278306242e+16,6874908943001.403,literature_parameterized_uemr_template_not_proprietary_waveform
8,,2901,83.72374278785236,559.3666573580107,12735.875630634459,1.6557760541888164e+16,6873568111117.164,literature_parameterized_uemr_template_not_proprietary_waveform
8,,2897,83.64004003846314,559.508634718272,12735.321829949751,1.6502732561291774e+16,6847730426637.114,literature_parameterized_uemr_template_not_proprietary_waveform
8,,2896,83.58956298188238,559.6090193003035,12735.117525489051,1.6492525526893816e+16,6842801125051.15,literature_parameterized_uemr_template_not_proprietary_waveform
8,,675,82.56980645256274,560.9687636249505,12559.410410454808,4789530935849455.0,1726624423036.602,literature_parameterized_uemr_template_not_proprietary_waveform
8,,676,82.56235742878,560.9306659207856,12559.423871042885,4787061494908428.0,1725674583704.0854,literature_parameterized_uemr_template_not_proprietary_waveform
8,,673,82.55369908395349,560.9011584618127,12559.22592175588,4780298609113804.0,1722983163594.5747,literature_parameterized_uemr_template_not_proprietary_waveform
8,,674,82.52402911352954,561.0277008461102,12558.649398559342,4766098852456669.0,1717273878831.7004,literature_parameterized_uemr_template_not_proprietary_waveform
8,,1869,81.2659289211848,562.0407411009346,13255.576378440537,1.297842222864519e+18,2258618788863655.0,literature_parameterized_uemr_template_not_proprietary_waveform
8,,1870,81.2659289211848,562.0407411009346,13255.576378440537,1.297842222864519e+18,2258618788863655.0,literature_parameterized_uemr_template_not_proprietary_waveform
8,,1874,81.21507495292487,562.1149962137498,13255.591607351702,1.2972627563489925e+18,2251744507989512.2,literature_parameterized_uemr_template_not_proprietary_waveform
8,,1871,81.20598068672687,562.152156431551,13255.506302168256,1.297193746106249e+18,2251122345536568.5,literature_parameterized_uemr_template_not_proprietary_waveform
8,,1872,81.20598068672687,562.152156431551,13255.506302168256,1.297193746106249e+18,2251122345536568.5,literature_parameterized_uemr_template_not_proprietary_waveform
8,,1873,81.19027564385394,562.2652982450943,13255.401593866247,1.297075758305456e+18,2250091095984296.2,literature_parameterized_uemr_template_not_proprietary_waveform
8,,3609,76.6830037409545,569.7571194038532,13250.98334739927,1.2055657941260145e+18,1516963490971609.5,literature_parameterized_uemr_template_not_proprietary_waveform
8,,3613,76.63499241664145,569.7120172097724,13251.101827055565,1.205151509056547e+18,1514285612513915.8,literature_parameterized_uemr_template_not_proprietary_waveform
8,,3614,76.63499241664145,569.7120172097724,13251.101827055565,1.205151509056547e+18,1514285612513915.8,literature_parameterized_uemr_template_not_proprietary_waveform
8,,3612,76.53127585507931,570.1123316323263,13250.908912850251,1.204128874980245e+18,1508884869124909.0,literature_parameterized_uemr_template_not_proprietary_waveform
8,,3610,76.52091976176786,570.0604026454038,13250.999137151492,1.2039955398784297e+18,1507758275802042.2,literature_parameterized_uemr_template_not_proprietary_waveform
8,,3611,76.52091976176786,570.0604026454038,13250.999137151492,1.2039955398784297e+18,1507758275802042.2,literature_parameterized_uemr_template_not_proprietary_waveform
8,,754,74.81119979015732,575.0800178609301,11894.772158421723,47652138328176.04,11269005951.102783,literature_parameterized_uemr_template_not_proprietary_waveform
8,,756,74.78901778863734,575.1196000317179,11895.716816353946,47930514853922.65,11340705005.926388,literature_parameterized_uemr_template_not_proprietary_waveform
8,,753,74.78767722901587,575.1647884983616,11896.40524816066,48186362060069.766,11406221552.965176,literature_parameterized_uemr_template_not_proprietary_waveform
8,,755,74.77549206389784,575.0349927629933,11895.665065514837,47895319462347.1,11331907847.829897,literature_parameterized_uemr_template_not_proprietary_waveform
8,,689,73.50322983353944,577.6587885779829,13274.715160466098,1.9471684994432922e+18,4439048196656628.0,literature_parameterized_uemr_template_not_proprietary_waveform
8,,692,73.47156497915613,577.640633260528,13274.869673102397,1.947683652170687e+18,4445867345820048.0,literature_parameterized_uemr_template_not_proprietary_waveform
9,,4523,88.28580306394905,556.8619419279503,13203.223824314124,7.045431074191818e+17,518128557148474.1,literature_parameterized_uemr_template_not_proprietary_waveform
9,,4524,88.28580306394905,556.8619419279503,13203.223824314124,7.045431074191818e+17,518128557148474.1,literature_parameterized_uemr_template_not_proprietary_waveform
9,,4522,88.05150874554873,556.8840330065207,13203.856501380576,7.09330987083729e+17,522686002163962.75,literature_parameterized_uemr_template_not_proprietary_waveform
9,,4527,88.02848951835097,556.9588775865523,13203.843952834995,7.099810200043585e+17,523291044159372.44,literature_parameterized_uemr_template_not_proprietary_waveform
9,,4528,88.02848951835097,556.9588775865523,13203.843952834995,7.099810200043585e+17,523291044159372.44,literature_parameterized_uemr_template_not_proprietary_waveform
9,,4526,87.9904526000097,556.7203909961731,13204.099233522462,7.101273639309047e+17,523460697099384.25,literature_parameterized_uemr_template_not_proprietary_waveform
9,,4521,87.98061932756106,556.91734841643,13203.976501106765,7.10434446040309e+17,523744821028650.56,literature_parameterized_uemr_template_not_proprietary_waveform
9,,4525,87.94651214691193,556.9558642409444,13203.964636245779,7.109400062689842e+17,524203153775549.56,literature_parameterized_uemr_template_not_proprietary_waveform
9,,2956,87.20902044705109,557.1107585758331,12352.772344094261,1377702912112296.0,410846370617.0033,literature_parameterized_uemr_template_not_proprietary_waveform
9,,2957,87.20902044705109,557.1107585758331,12352.772344094261,1377702912112296.0,410846370617.0033,literature_parameterized_uemr_template_not_proprietary_waveform
9,,2959,86.86079544739717,557.3943506411274,12351.353205459933,1365794351161817.2,406967939789.9161,literature_parameterized_uemr_template_not_proprietary_waveform
9,,2961,86.84033138905822,557.3963390571968,12351.31068765621,1365006573296546.0,406713536816.4252,literature_parameterized_uemr_template_not_proprietary_waveform
9,,2962,86.84033138905822,557.3963390571968,12351.31068765621,1365006573296546.0,406713536816.4252,literature_parameterized_uemr_template_not_proprietary_waveform
9,,2960,86.82121807319398,557.4563196620593,12351.173489893428,1364189691854287.0,406444511198.7449,literature_parameterized_uemr_template_not_proprietary_waveform
9,,2958,86.76968165366569,557.677134592939,12350.581529874935,1358969212755904.5,404742973708.54803,literature_parameterized_uemr_template_not_proprietary_waveform
9,,934,84.61294757087876,558.9436742235818,12154.675517206002,357258527070120.56,99457882758.03198,literature_parameterized_uemr_template_not_proprietary_waveform
9,,929,84.60240316405002,558.7266023782595,12153.676042797122,354133077709202.0,98518544496.97015,literature_parameterized_uemr_template_not_proprietary_waveform
9,,930,84.595689144283,558.7327367219231,12154.037757999356,355154971563629.75,98826442527.03241,literature_parameterized_uemr_template_not_proprietary_waveform
9,,932,84.59283985298332,558.9499921031315,12154.850892256076,357804075322064.75,99622015976.25276,literature_parameterized_uemr_template_not_proprietary_waveform
9,,933,84.59283985298332,558.9499921031315,12154.850892256076,357804075322064.75,99622015976.25276,literature_parameterized_uemr_template_not_proprietary_waveform
9,,931,84.59144974946715,558.7571728157507,12153.259864989064,353371890650960.2,98286873687.99626,literature_parameterized_uemr_template_not_proprietary_waveform
9,,1045,84.43998472355109,558.9163875652143,11046.555006408935,125748556608.65799,18931258.30358548,literature_parameterized_uemr_template_not_proprietary_waveform
9,,1049,84.32560077855281,558.9595127904115,11045.279013047402,124585541908.59007,18746719.246524904,literature_parameterized_uemr_template_not_proprietary_waveform
9,,1047,84.32397519994407,558.9670378165125,11045.201231728173,124453898162.72023,18725912.995286115,literature_parameterized_uemr_template_not_proprietary_waveform
9,,1048,84.32397519994407,558.9670378165125,11045.201231728173,124453898162.72023,18725912.995286115,literature_parameterized_uemr_template_not_proprietary_waveform
9,,1046,84.27928476673308,559.0401978776766,11044.519571737634,123792623753.34819,18620880.76793656,literature_parameterized_uemr_template_not_proprietary_waveform
9,,1044,84.22024010940615,558.8829730035746,11044.14386186502,123552745846.59125,18583271.89340725,literature_parameterized_uemr_template_not_proprietary_waveform
9,,2964,83.27098656116331,559.8126000464491,11617.816967628221,8658829951631.852,1693659572.4401195,literature_parameterized_uemr_template_not_proprietary_waveform
9,,2965,83.26795308502278,559.8218108007165,11617.628990586474,8646891934279.956,1691149751.8102107,literature_parameterized_uemr_template_not_proprietary_waveform
9,,2966,83.26795308502278,559.8218108007165,11617.628990586474,8646891934279.956,1691149751.8102107,literature_parameterized_uemr_template_not_proprietary_waveform
9,,2969,83.24924110453007,559.7600010494174,11620.032109654505,8803767497314.268,1724162393.4528506,literature_parameterized_uemr_template_not_proprietary_waveform
9,,2970,83.24924110453007,559.7600010494174,11620.032109654505,8803767497314.268,1724162393.4528506,literature_parameterized_uemr_template_not_proprietary_waveform
9,,2963,83.23998004645225,559.8232956155613,11619.438108046017,8756175771749.224,1714167372.9823306,literature_parameterized_uemr_template_not_proprietary_waveform
9,,2967,83.22306891847832,559.7353030236139,11621.057534304806,8865737233773.125,1737235360.0920095,literature_parameterized_uemr_template_not_proprietary_waveform
9,,2968,83.22306891847832,559.7353030236139,11621.057534304806,8865737233773.125,1737235360.0920095,literature_parameterized_uemr_template_not_proprietary_waveform
9,,719,81.5223793295447,562.0932895344112,13261.677839743918,1.858933292695173e+18,5285168718533557.0,literature_parameterized_uemr_template_not_proprietary_waveform
9,,720,81.51577174850152,562.0406918039654,13261.68875355577,1.858750668423243e+18,5284053579515594.0,literature_parameterized_uemr_template_not_proprietary_waveform
9,,721,81.50715763715847,562.1381632064735,13261.611757243449,1.8586131493636424e+18,5283649578555508.0,literature_parameterized_uemr_template_not_proprietary_waveform
9,,722,81.49965990601603,562.1705483576069,13261.589287985234,1.858485277694199e+18,5283088331461740.0,literature_parameterized_uemr_template_not_proprietary_waveform
9,,4993,80.5042569099398,563.2295719057777,13252.150660385723,1.240530311618747e+18,1689337647142811.5,literature_parameterized_uemr_template_not_proprietary_waveform
9,,4989,80.44735158914459,563.4478175742667,13252.461688416211,1.2431465780608087e+18,1700839244094974.2,literature_parameterized_uemr_template_not_proprietary_waveform
9,,4991,80.44423236017128,563.2689876108325,13252.306900372218,1.2413810511083663e+18,1692990023907736.2,literature_parameterized_uemr_template_not_proprietary_waveform
9,,4992,80.44423236017128,563.2689876108325,13252.306900372218,1.2413810511083663e+18,1692990023907736.2,literature_parameterized_uemr_template_not_proprietary_waveform
9,,4994,80.4193006925576,563.3597806087752,13252.286367301282,1.241495711300959e+18,1693779650590133.2,literature_parameterized_uemr_template_not_proprietary_waveform
9,,4990,80.40483595060897,563.4803047410804,13252.42994092497,1.242773719707461e+18,1699129458952254.2,literature_parameterized_uemr_template_not_proprietary_waveform
9,,2223,78.37492119374254,355.93558514700794,12008.230377823143,520593590958041.94,139279253666.99298,literature_parameterized_uemr_template_not_proprietary_waveform
9,,2224,78.37492119374254,355.93558514700794,12008.230377823143,520593590958041.94,139279253666.99298,literature_parameterized_uemr_template_not_proprietary_waveform
9,,2225,78.23280846403242,355.51920360303967,12011.141808156739,528699070774497.06,141652031691.84442,literature_parameterized_uemr_template_not_proprietary_waveform
9,,2226,78.23280846403242,355.51920360303967,12011.141808156739,528699070774497.06,141652031691.84442,literature_parameterized_uemr_template_not_proprietary_waveform
9,,4978,78.15400740281262,567.3200160352565,13224.802662205993,9.146772213614369e+17,919024490488913.5,literature_parameterized_uemr_template_not_proprietary_waveform
10,,4054,88.69168412040287,556.3259254163593,12235.235127705993,617752725587636.1,176755840087.84174,literature_parameterized_uemr_template_not_proprietary_waveform
10,,4053,88.69061920947381,556.3028397793446,12235.25097551435,617797558552903.8,176770141018.81006,literature_parameterized_uemr_template_not_proprietary_waveform
10,,4055,88.6893348614771,556.286046872348,12235.276106728697,617960741220951.2,176820730818.97522,literature_parameterized_uemr_template_not_proprietary_waveform
10,,4056,88.67977072445326,556.3519961151632,12235.423060027286,618804799777893.5,177081140710.3947,literature_parameterized_uemr_template_not_proprietary_waveform
10,,4057,88.67856249716874,556.3331597855355,12235.520630577124,619163795610518.1,177193486179.1327,literature_parameterized_uemr_template_not_proprietary_waveform
10,,733,87.21343765313466,556.8629915509852,13260.327156998394,1.104391465691191e+18,3183633832792769.0,literature_parameterized_uemr_template_not_proprietary_waveform
10,,736,86.99454345885042,556.9561010457093,13260.363390489545,1.104826451081305e+18,3183928390047663.5,literature_parameterized_uemr_template_not_proprietary_waveform
10,,735,86.99270955624824,556.99851394374,13260.31900858336,1.1047414096592283e+18,3183694975602692.0,literature_parameterized_uemr_template_not_proprietary_waveform
10,,734,86.81251161255892,557.1393103889586,13260.32380319728,1.104950164263312e+18,3183516224803094.0,literature_parameterized_uemr_template_not_proprietary_waveform
10,,1847,82.99923043895872,562.7820128232347,12807.534164299246,2.726845870297224e+16,11552550582011.5,literature_parameterized_uemr_template_not_proprietary_waveform
10,,1848,82.86859382133494,562.8336903256028,12807.030955105358,2.71507145837659e+16,11496799875508.086,literature_parameterized_uemr_template_not_proprietary_waveform
10,,1849,82.80884352383825,562.9167896978025,12806.673642704996,2.7080070947073524e+16,11463126866862.871,literature_parameterized_uemr_template_not_proprietary_waveform
10,,1850,82.80738889210417,562.9238725364135,12806.671712209645,2.709259934395247e+16,11468909992867.326,literature_parameterized_uemr_template_not_proprietary_waveform
10,,1851,82.80738889210417,562.9238725364135,12806.671712209645,2.709259934395247e+16,11468909992867.326,literature_parameterized_uemr_template_not_proprietary_waveform
10,,3965,82.43941096599539,560.6287585360709,12492.002215261953,2984237240391725.5,1053517549019.9581,literature_parameterized_uemr_template_not_proprietary_waveform
10,,3966,82.43941096599539,560.6287585360709,12492.002215261953,2984237240391725.5,1053517549019.9581,literature_parameterized_uemr_template_not_proprietary_waveform
10,,3968,82.43739583734055,560.7666765936752,12491.94688669795,2985107112173636.0,1053833213938.7191,literature_parameterized_uemr_template_not_proprietary_waveform
10,,3969,82.43521569624636,560.6853397259356,12491.99663315557,2984713627894059.0,1053697615003.5735,literature_parameterized_uemr_template_not_proprietary_waveform
10,,3967,82.42188656771265,560.7662662517245,12491.66722747311,2979216000122802.0,1051544049709.646,literature_parameterized_uemr_template_not_proprietary_waveform
10,,3970,82.42136875920652,560.8445845531629,12491.587002202828,2977768272726905.5,1050975745318.1954,literature_parameterized_uemr_template_not_proprietary_waveform
10,,2858,82.3195459104907,561.1044646938084,12281.451063730228,694998787279375.0,213669102553.44043,literature_parameterized_uemr_template_not_proprietary_waveform
10,,2860,82.31210550807435,561.0598635204954,12281.603617171273,695349483639373.6,213790599870.42026,literature_parameterized_uemr_template_not_proprietary_waveform
10,,2857,82.31145170904743,561.118322288158,12280.139731713296,689144518445250.5,211702216541.97375,literature_parameterized_uemr_template_not_proprietary_waveform
10,,2861,82.31071685103774,561.0504983918348,12281.600069104597,695293486545341.8,213772294216.45074,literature_parameterized_uemr_template_not_proprietary_waveform
10,,2859,82.29955803427406,561.0041576148666,12280.883974758588,691933042908276.0,212645675086.87042,literature_parameterized_uemr_template_not_proprietary_waveform
10,,1931,78.08367120068867,567.1426696614776,13189.154069288632,6.383266448605842e+17,556611946538241.75,literature_parameterized_uemr_template_not_proprietary_waveform
10,,1934,78.0382004166904,567.1942696071932,13189.541869576089,6.40332944023414e+17,559033015898136.6,literature_parameterized_uemr_template_not_proprietary_waveform
10,,1935,78.02544333711023,567.2516639097782,13189.604189021498,6.409421604441487e+17,559757846448360.75,literature_parameterized_uemr_template_not_proprietary_waveform
10,,1936,78.02301123173288,567.2780492246472,13189.50702383691,6.405817665228612e+17,559338432639796.44,literature_parameterized_uemr_template_not_proprietary_waveform
10,,1937,78.02301123173288,567.2780492246472,13189.50702383691,6.405817665228612e+17,559338432639796.44,literature_parameterized_uemr_template_not_proprietary_waveform
10,,1932,77.99972660138452,567.2536358485638,13189.897130614076,6.422335613707877e+17,561301799730505.8,literature_parameterized_uemr_template_not_proprietary_waveform
10,,1933,77.99972660138452,567.2536358485638,13189.897130614076,6.422335613707877e+17,561301799730505.8,literature_parameterized_uemr_template_not_proprietary_waveform
10,,4089,77.99862284904613,567.8923840751343,12942.572498088408,8.486388119360392e+16,41495560834007.7,literature_parameterized_uemr_template_not_proprietary_waveform
10,,4087,77.98641853641311,567.9229820051439,12942.714288375559,8.496448776237182e+16,41551978776039.914,literature_parameterized_uemr_template_not_proprietary_waveform
10,,4088,77.98641853641311,567.9229820051439,12942.714288375559,8.496448776237182e+16,41551978776039.914,literature_parameterized_uemr_template_not_proprietary_waveform
10,,4090,77.95450565113696,567.6541279789808,12943.026854926513,8.50508402996577e+16,41601429654902.19,literature_parameterized_uemr_template_not_proprietary_waveform
10,,4085,77.87979625150625,568.0513375469717,12943.89353530127,8.570117771016184e+16,41966707371014.88,literature_parameterized_uemr_template_not_proprietary_waveform
10,,4086,77.87979625150625,568.0513375469717,12943.89353530127,8.570117771016184e+16,41966707371014.88,literature_parameterized_uemr_template_not_proprietary_waveform
10,,1758,77.44126834281984,568.4794335685812,13272.593388332542,1.6525279129330424e+18,3414193473263646.5,literature_parameterized_uemr_template_not_proprietary_waveform
10,,1759,77.44126834281984,568.4794335685812,13272.593388332542,1.6525279129330424e+18,3414193473263646.5,literature_parameterized_uemr_template_not_proprietary_waveform
10,,1755,77.41259881329229,568.6716997334846,13272.490524766967,1.6529411681985551e+18,3413814430120652.5,literature_parameterized_uemr_template_not_proprietary_waveform
10,,1757,77.40101905776044,568.6885624675045,13272.502472046777,1.6529653942751524e+18,3412768113473322.0,literature_parameterized_uemr_template_not_proprietary_waveform
10,,1756,77.38765075716437,568.6218356680492,13272.596199202924,1.6530211890598684e+18,3411190429448098.0,literature_parameterized_uemr_template_not_proprietary_waveform
10,,2943,74.44183455856346,576.3321373507074,11526.35472804665,3443170575505.9624,678206084.2608085,literature_parameterized_uemr_template_not_proprietary_waveform
10,,2945,74.43630449047538,575.9727709378269,11528.376643196389,3483725751011.127,686850053.6227535,literature_parameterized_uemr_template_not_proprietary_waveform
10,,2949,74.4302172260076,576.3348991452923,11525.956463513807,3425628245128.622,674522124.8606341,literature_parameterized_uemr_template_not_proprietary_waveform
10,,2948,74.42044615170722,576.270525908475,11526.272037984014,3431388912808.6587,675755232.2601999,literature_parameterized_uemr_template_not_proprietary_waveform
10,,2944,74.41810871235622,576.1679910883413,11526.894281110075,3450213458341.9863,679733875.5833361,literature_parameterized_uemr_template_not_proprietary_waveform
10,,2946,74.39929904533861,576.1724106925142,11527.01771667476,3449456618736.5957,679586825.6515815,literature_parameterized_uemr_template_not_proprietary_waveform
10,,2947,74.39929904533861,576.1724106925142,11527.01771667476,3449456618736.5957,679586825.6515815,literature_parameterized_uemr_template_not_proprietary_waveform
