window_idx,trial,phase_randomized_coherence_amplification_ratio,phase_randomized_coherence_amplification_db,observed_coherence_amplification_ratio,observed_coherence_amplification_db
0,0,0.4174090674921574,-3.7943812086942525,5.994271177990704,7.777363863308442
0,1,0.6773361399993025,-1.6919575152556985,5.994271177990704,7.777363863308442
0,2,0.694981755698654,-1.5802659613420316,5.994271177990704,7.777363863308442
0,3,0.35641017794347235,-4.48049902386081,5.994271177990704,7.777363863308442
0,4,1.0729001618902083,0.3055931082197757,5.994271177990704,7.777363863308442
0,5,1.3074600047519878,1.1642841265886712,5.994271177990704,7.777363863308442
0,6,0.9140856264472048,-0.39013120073901836,5.994271177990704,7.777363863308442
0,7,0.9762218419930885,-0.10451479663565398,5.994271177990704,7.777363863308442
0,8,1.0060921425243752,0.026377572182776414,5.994271177990704,7.777363863308442
0,9,0.30229691624612914,-5.195662830706796,5.994271177990704,7.777363863308442
0,10,0.31876659943207775,-4.965271905452849,5.994271177990704,7.777363863308442
0,11,0.6402767553842122,-1.9363226452225288,5.994271177990704,7.777363863308442
0,12,0.6114103728179779,-2.1366719757035515,5.994271177990704,7.777363863308442
0,13,0.6968578419701588,-1.5685580833637913,5.994271177990704,7.777363863308442
0,14,1.3522467256960748,1.310559385231622,5.994271177990704,7.777363863308442
0,15,1.2483137846499182,0.9632376628633437,5.994271177990704,7.777363863308442
0,16,1.2035252716395377,0.8045521402805667,5.994271177990704,7.777363863308442
0,17,0.8566477531365065,-0.671977198698366,5.994271177990704,7.777363863308442
0,18,1.17203842420547,0.689418498619893,5.994271177990704,7.777363863308442
0,19,1.1490610306638342,0.603430962049287,5.994271177990704,7.777363863308442
0,20,0.9198954002270507,-0.3626155274881698,5.994271177990704,7.777363863308442
0,21,0.45550379096283994,-3.4150800422909193,5.994271177990704,7.777363863308442
0,22,1.563073977018345,1.9397953275403779,5.994271177990704,7.777363863308442
0,23,1.3039394326578109,1.1525741910035525,5.994271177990704,7.777363863308442
0,24,2.0556885235840188,3.1295731132694424,5.994271177990704,7.777363863308442
0,25,0.5563712839363888,-2.546352933992621,5.994271177990704,7.777363863308442
0,26,0.6555478954182385,-1.833955725384072,5.994271177990704,7.777363863308442
0,27,0.5853443553462567,-2.325885653232845,5.994271177990704,7.777363863308442
0,28,0.8055714952706072,-0.9389590946747339,5.994271177990704,7.777363863308442
0,29,0.7235826301315456,-1.4051186708663561,5.994271177990704,7.777363863308442
0,30,1.4974154893147487,1.7534232117156598,5.994271177990704,7.777363863308442
0,31,1.0134513890113415,0.05802922254049128,5.994271177990704,7.777363863308442
0,32,1.7227855203834017,2.362312129605329,5.994271177990704,7.777363863308442
0,33,0.357363200180853,-4.468901714197453,5.994271177990704,7.777363863308442
0,34,1.804605981889877,2.563823926290361,5.994271177990704,7.777363863308442
0,35,1.9801907126613731,2.967070192857055,5.994271177990704,7.777363863308442
0,36,0.8590454445997089,-0.6598386082901624,5.994271177990704,7.777363863308442
0,37,0.8934747683665107,-0.48917707415660006,5.994271177990704,7.777363863308442
0,38,1.1824873473798296,0.7279650248171423,5.994271177990704,7.777363863308442
0,39,1.4805704172702243,1.7042906765549546,5.994271177990704,7.777363863308442
0,40,0.7931592631869996,-1.0063959934244733,5.994271177990704,7.777363863308442
0,41,1.5081677684884807,1.7844965511207853,5.994271177990704,7.777363863308442
0,42,0.5589471961342585,-2.526292180718886,5.994271177990704,7.777363863308442
0,43,1.3992898611882576,1.459076873833243,5.994271177990704,7.777363863308442
0,44,1.0953102150296945,0.39537137984684106,5.994271177990704,7.777363863308442
0,45,1.183161545461461,0.7304404599112986,5.994271177990704,7.777363863308442
0,46,1.2328187733838745,0.9089923920399094,5.994271177990704,7.777363863308442
0,47,0.9805938257493713,-0.08510845590574492,5.994271177990704,7.777363863308442
0,48,0.3714585115871564,-4.300896857929195,5.994271177990704,7.777363863308442
0,49,1.1006823546018576,0.41662004214803283,5.994271177990704,7.777363863308442
0,50,1.0788973183583268,0.3298011364271176,5.994271177990704,7.777363863308442
0,51,2.6789593015352664,4.279661159027538,5.994271177990704,7.777363863308442
0,52,0.24361952646414875,-6.132879053011897,5.994271177990704,7.777363863308442
0,53,0.347882503301268,-4.5856741347947585,5.994271177990704,7.777363863308442
0,54,0.8704585449371872,-0.6025190706672756,5.994271177990704,7.777363863308442
0,55,0.6304323346496593,-2.0036152013812183,5.994271177990704,7.777363863308442
0,56,0.9023596776516138,-0.44620319571566697,5.994271177990704,7.777363863308442
0,57,1.0037323486271776,0.01617920965472531,5.994271177990704,7.777363863308442
0,58,0.5805579325174214,-2.36154436533022,5.994271177990704,7.777363863308442
0,59,0.7320617282640378,-1.3545229720094318,5.994271177990704,7.777363863308442
0,60,0.7715339414652309,-1.1264496361662384,5.994271177990704,7.777363863308442
0,61,0.957859434790309,-0.18698218660471677,5.994271177990704,7.777363863308442
0,62,0.893793640659368,-0.48762739669360966,5.994271177990704,7.777363863308442
0,63,0.7970304265991873,-0.9852509911592902,5.994271177990704,7.777363863308442
0,64,0.7579647819893143,-1.2035097292075834,5.994271177990704,7.777363863308442
0,65,2.240000785660925,3.502481706592273,5.994271177990704,7.777363863308442
0,66,0.8997046568311906,-0.4590003162611752,5.994271177990704,7.777363863308442
0,67,1.1803319703205954,0.7200417052820919,5.994271177990704,7.777363863308442
0,68,1.4526852290743901,1.6217152063968385,5.994271177990704,7.777363863308442
0,69,1.5644463591254696,1.943606768876531,5.994271177990704,7.777363863308442
0,70,1.3354798242734827,1.25637331314425,5.994271177990704,7.777363863308442
0,71,1.0570303560315735,0.24087459651513599,5.994271177990704,7.777363863308442
0,72,0.6415242651634134,-1.9278691212261425,5.994271177990704,7.777363863308442
0,73,0.37711804128327125,-4.235226904998427,5.994271177990704,7.777363863308442
0,74,1.1876247591765732,0.7467924303454629,5.994271177990704,7.777363863308442
0,75,0.449231332169302,-3.4752996097315503,5.994271177990704,7.777363863308442
0,76,1.8043041926587358,2.563097582924919,5.994271177990704,7.777363863308442
0,77,1.0020495403589063,0.008891931606208867,5.994271177990704,7.777363863308442
0,78,1.1742209536679564,0.6974982598302999,5.994271177990704,7.777363863308442
0,79,1.4669788231860992,1.6642384455916317,5.994271177990704,7.777363863308442
0,80,0.31618399213242215,-5.000601214516923,5.994271177990704,7.777363863308442
0,81,0.45677124706085165,-3.403012419684852,5.994271177990704,7.777363863308442
0,82,1.0405206280189612,0.1725069439484005,5.994271177990704,7.777363863308442
0,83,0.546065039014523,-2.6275562761957487,5.994271177990704,7.777363863308442
0,84,0.3981246040826426,-3.99980982207065,5.994271177990704,7.777363863308442
0,85,0.6431729398621502,-1.9167223589481335,5.994271177990704,7.777363863308442
0,86,0.8741940738626015,-0.5839214190664376,5.994271177990704,7.777363863308442
0,87,0.5544696546949356,-2.561222171598394,5.994271177990704,7.777363863308442
0,88,1.1655774701949435,0.6654114423158175,5.994271177990704,7.777363863308442
0,89,0.7199362152418457,-1.4270597939595335,5.994271177990704,7.777363863308442
0,90,0.941766197193475,-0.26056901741889177,5.994271177990704,7.777363863308442
0,91,0.8015935996739719,-0.9604575908832315,5.994271177990704,7.777363863308442
0,92,0.7525266734124156,-1.234781018330919,5.994271177990704,7.777363863308442
0,93,0.810659811947694,-0.91161356379505,5.994271177990704,7.777363863308442
0,94,0.9618876307324618,-0.1687565998218998,5.994271177990704,7.777363863308442
0,95,1.0331435060469536,0.14160650227892307,5.994271177990704,7.777363863308442
0,96,0.6079362118587314,-2.1614198699549374,5.994271177990704,7.777363863308442
0,97,0.44894636096885704,-3.478055443570509,5.994271177990704,7.777363863308442
0,98,0.30641164342969407,-5.136947358371157,5.994271177990704,7.777363863308442
0,99,1.086267818564417,0.3593691345279398,5.994271177990704,7.777363863308442
0,100,0.6361447220911096,-1.9644407168545137,5.994271177990704,7.777363863308442
0,101,1.5512132983804916,1.9067151924529417,5.994271177990704,7.777363863308442
0,102,0.19468301653866585,-7.1067193314998445,5.994271177990704,7.777363863308442
0,103,0.46898392059710825,-3.28842047083762,5.994271177990704,7.777363863308442
0,104,1.9543698359515604,2.9100675104843243,5.994271177990704,7.777363863308442
0,105,1.1928595796870158,0.765893226675253,5.994271177990704,7.777363863308442
0,106,1.8607271368975482,2.69682691439142,5.994271177990704,7.777363863308442
0,107,0.44488230915084337,-3.517548637303232,5.994271177990704,7.777363863308442
0,108,0.8486782685056952,-0.712569183475525,5.994271177990704,7.777363863308442
0,109,0.3991425579711983,-3.9887196375525797,5.994271177990704,7.777363863308442
0,110,0.1946635152615167,-7.107154383381459,5.994271177990704,7.777363863308442
0,111,1.1561894524891279,0.6302900314092698,5.994271177990704,7.777363863308442
0,112,1.1434581645029827,0.5822027977978534,5.994271177990704,7.777363863308442
0,113,1.4950645179662805,1.7465993459499551,5.994271177990704,7.777363863308442
0,114,1.6244970200275615,2.1071891901324333,5.994271177990704,7.777363863308442
0,115,2.4559102538348405,3.902124923647141,5.994271177990704,7.777363863308442
0,116,0.689759128780618,-1.6130254303752112,5.994271177990704,7.777363863308442
0,117,0.6764534280373007,-1.6976209802075024,5.994271177990704,7.777363863308442
0,118,0.6732636854020283,-1.718148099414404,5.994271177990704,7.777363863308442
0,119,0.3854324344041052,-4.140517419638214,5.994271177990704,7.777363863308442
0,120,0.9859921802998027,-0.06126529344906913,5.994271177990704,7.777363863308442
0,121,0.4912757552923491,-3.0867466798925323,5.994271177990704,7.777363863308442
0,122,0.8161544630725273,-0.8822764012881275,5.994271177990704,7.777363863308442
0,123,0.46039378985757684,-3.3687054309779736,5.994271177990704,7.777363863308442
0,124,1.400095598324803,1.4615769025501897,5.994271177990704,7.777363863308442
0,125,0.6213981540974618,-2.066300411783684,5.994271177990704,7.777363863308442
0,126,1.178529956612215,0.713406261696612,5.994271177990704,7.777363863308442
0,127,0.6450587531564953,-1.9040072721032177,5.994271177990704,7.777363863308442
0,128,0.5860802687666362,-2.3204289951927866,5.994271177990704,7.777363863308442
0,129,0.3624688052970806,-4.4072936363173145,5.994271177990704,7.777363863308442
0,130,1.1627421160190443,0.6548340345680064,5.994271177990704,7.777363863308442
0,131,0.4793962474260318,-3.193053698195652,5.994271177990704,7.777363863308442
0,132,0.49177226172578,-3.082359711629113,5.994271177990704,7.777363863308442
0,133,1.0335262015396383,0.1432149116150812,5.994271177990704,7.777363863308442
0,134,1.310312909095628,1.1737501967570312,5.994271177990704,7.777363863308442
0,135,0.8904258418244085,-0.5040224445177837,5.994271177990704,7.777363863308442
0,136,0.34595116023560946,-4.609852085405336,5.994271177990704,7.777363863308442
0,137,1.1686025022050726,0.676668118841342,5.994271177990704,7.777363863308442
0,138,0.7639118038963295,-1.169567792412892,5.994271177990704,7.777363863308442
0,139,1.2580040086135094,0.9968202498520679,5.994271177990704,7.777363863308442
0,140,1.2827416176429545,1.0813918534394569,5.994271177990704,7.777363863308442
0,141,1.6351954343418298,2.13569665854987,5.994271177990704,7.777363863308442
0,142,0.9574791128252432,-0.1887069128485562,5.994271177990704,7.777363863308442
0,143,0.5559820583171405,-2.5493922298554157,5.994271177990704,7.777363863308442
0,144,1.303745904533071,1.1519295718416989,5.994271177990704,7.777363863308442
0,145,0.3746301964214338,-4.263972199915704,5.994271177990704,7.777363863308442
0,146,0.6243506993227622,-2.045713975016706,5.994271177990704,7.777363863308442
0,147,1.065010261909122,0.27353792440516306,5.994271177990704,7.777363863308442
0,148,1.6415884495917277,2.152642876957184,5.994271177990704,7.777363863308442
0,149,0.6608757530731296,-1.7988018170456497,5.994271177990704,7.777363863308442
0,150,1.847784031664032,2.666512096667397,5.994271177990704,7.777363863308442
0,151,0.270704487175766,-5.675045453394928,5.994271177990704,7.777363863308442
0,152,0.6492334849186894,-1.8759908906085576,5.994271177990704,7.777363863308442
0,153,1.2130820516387175,0.8389017709802866,5.994271177990704,7.777363863308442
0,154,0.5157837931148529,-2.8753230832326433,5.994271177990704,7.777363863308442
0,155,2.0515486828364216,3.1208182714566286,5.994271177990704,7.777363863308442
0,156,0.4390673131837238,-3.5746889319015445,5.994271177990704,7.777363863308442
0,157,1.1311497498169278,0.5352010378843556,5.994271177990704,7.777363863308442
0,158,0.6213680429699221,-2.0665108632196465,5.994271177990704,7.777363863308442
0,159,0.7458061709916189,-1.2737402749586966,5.994271177990704,7.777363863308442
0,160,1.069973085041908,0.29372853232129065,5.994271177990704,7.777363863308442
0,161,0.8726660560762688,-0.5915191637368014,5.994271177990704,7.777363863308442
0,162,0.46516375655639536,-3.3239413087556273,5.994271177990704,7.777363863308442
0,163,1.6751395138638352,2.240509830612351,5.994271177990704,7.777363863308442
0,164,1.3696559393641132,1.3661148511128984,5.994271177990704,7.777363863308442
0,165,0.37627611649879944,-4.2449334692584575,5.994271177990704,7.777363863308442
0,166,1.0611491360034664,0.25776424798388226,5.994271177990704,7.777363863308442
0,167,0.6070472877407769,-2.1677747695608875,5.994271177990704,7.777363863308442
0,168,1.566484408170865,1.949260765371907,5.994271177990704,7.777363863308442
0,169,0.5785843600151812,-2.376333101469138,5.994271177990704,7.777363863308442
0,170,1.5740146972795783,1.970087832438968,5.994271177990704,7.777363863308442
0,171,0.690401996650515,-1.6089796130639389,5.994271177990704,7.777363863308442
0,172,0.39134529369438814,-4.074398846238282,5.994271177990704,7.777363863308442
0,173,0.3719122701387515,-4.295594931504488,5.994271177990704,7.777363863308442
0,174,0.9230906595197337,-0.3475564350754198,5.994271177990704,7.777363863308442
0,175,0.9721061665754537,-0.12286301904981198,5.994271177990704,7.777363863308442
0,176,0.46403651704434123,-3.334478415855851,5.994271177990704,7.777363863308442
0,177,1.1206938036080099,0.4948697069657205,5.994271177990704,7.777363863308442
0,178,0.34298773047182635,-4.647214154781878,5.994271177990704,7.777363863308442
0,179,2.292857716869849,3.603771054514713,5.994271177990704,7.777363863308442
0,180,0.6652650461281742,-1.7700529433907564,5.994271177990704,7.777363863308442
0,181,0.9451199299694105,-0.2451307866622908,5.994271177990704,7.777363863308442
0,182,1.6659963165007385,2.21674036851578,5.994271177990704,7.777363863308442
0,183,0.9865404777792787,-0.05885090933293879,5.994271177990704,7.777363863308442
0,184,0.8682341067985505,-0.6136315779302868,5.994271177990704,7.777363863308442
0,185,0.48762667684420674,-3.119125432314286,5.994271177990704,7.777363863308442
0,186,0.9451458692995246,-0.2450115938171589,5.994271177990704,7.777363863308442
0,187,2.0877981572038173,3.1968850991940667,5.994271177990704,7.777363863308442
0,188,0.2937000052384034,-5.320960457311675,5.994271177990704,7.777363863308442
0,189,1.7084209679626687,2.325948930138602,5.994271177990704,7.777363863308442
0,190,0.8225470622449926,-0.8483924439490311,5.994271177990704,7.777363863308442
0,191,1.0614825719805296,0.2591286806883691,5.994271177990704,7.777363863308442
0,192,0.9055378842286361,-0.4309337575601919,5.994271177990704,7.777363863308442
0,193,1.8824849622865931,2.747315156445641,5.994271177990704,7.777363863308442
0,194,1.0352547913361443,0.15047249168169008,5.994271177990704,7.777363863308442
0,195,1.4232198585174474,1.5327199492998362,5.994271177990704,7.777363863308442
0,196,0.49351091052554413,-3.0670324151782955,5.994271177990704,7.777363863308442
0,197,0.6558435102000038,-1.8319977459415617,5.994271177990704,7.777363863308442
0,198,1.67613639898157,2.2430935732211528,5.994271177990704,7.777363863308442
0,199,1.3214067770732074,1.2103652983566366,5.994271177990704,7.777363863308442
0,200,0.9359091105762244,-0.2876632507793863,5.994271177990704,7.777363863308442
0,201,1.2681254452104487,1.031622168485161,5.994271177990704,7.777363863308442
0,202,1.2560018885854896,0.9899029242796081,5.994271177990704,7.777363863308442
0,203,0.8379206536138141,-0.767971046742558,5.994271177990704,7.777363863308442
0,204,0.63468080508037,-1.9744463603886053,5.994271177990704,7.777363863308442
0,205,0.5792061782101323,-2.371668143035576,5.994271177990704,7.777363863308442
0,206,0.9994340400705558,-0.0024586285516261233,5.994271177990704,7.777363863308442
0,207,1.0274712512597959,0.11769679118518223,5.994271177990704,7.777363863308442
0,208,0.6285124235822243,-2.0168613334814323,5.994271177990704,7.777363863308442
0,209,1.3084609269270335,1.1676075832985926,5.994271177990704,7.777363863308442
0,210,0.5474036043590446,-2.6169234732032276,5.994271177990704,7.777363863308442
0,211,0.6954688649576388,-1.5772230791458193,5.994271177990704,7.777363863308442
0,212,0.8023148757332355,-0.9565515546176224,5.994271177990704,7.777363863308442
0,213,1.5127435444954442,1.7976530829361537,5.994271177990704,7.777363863308442
0,214,1.7740472714684,2.4896518791079,5.994271177990704,7.777363863308442
0,215,0.9407471259774471,-0.26527099794217834,5.994271177990704,7.777363863308442
0,216,0.5036106699478333,-2.9790507711386343,5.994271177990704,7.777363863308442
0,217,0.6716462467795343,-1.7285940778463458,5.994271177990704,7.777363863308442
0,218,0.35862600706610154,-4.453582191917124,5.994271177990704,7.777363863308442
0,219,0.8104251114762907,-0.9128711058136068,5.994271177990704,7.777363863308442
0,220,0.8861597975271488,-0.5248795652530523,5.994271177990704,7.777363863308442
0,221,0.08758499951871812,-10.575702680794912,5.994271177990704,7.777363863308442
0,222,1.4536994484950267,1.6247462567536641,5.994271177990704,7.777363863308442
0,223,0.8445249364308336,-0.7338752241692538,5.994271177990704,7.777363863308442
0,224,0.5237915075775327,-2.8084154722830195,5.994271177990704,7.777363863308442
0,225,0.6782192931430975,-1.6862986011026468,5.994271177990704,7.777363863308442
0,226,0.5269119572969253,-2.782619458015711,5.994271177990704,7.777363863308442
0,227,1.2284281199274678,0.8934974931251094,5.994271177990704,7.777363863308442
0,228,0.7734929364022112,-1.115436479575667,5.994271177990704,7.777363863308442
0,229,0.1849933184975756,-7.328439569593373,5.994271177990704,7.777363863308442
0,230,1.3660974097571559,1.3548166787532032,5.994271177990704,7.777363863308442
0,231,1.1277843743856664,0.5222607308165468,5.994271177990704,7.777363863308442
0,232,1.5832479761046394,1.995489415329905,5.994271177990704,7.777363863308442
0,233,0.6200593103665932,-2.0756676706146804,5.994271177990704,7.777363863308442
0,234,1.082893227632902,0.34585637663336105,5.994271177990704,7.777363863308442
0,235,0.5128676803628088,-2.8999466822288813,5.994271177990704,7.777363863308442
0,236,0.9306169578885364,-0.3122903792964268,5.994271177990704,7.777363863308442
0,237,0.46238060090334926,-3.350003949537901,5.994271177990704,7.777363863308442
0,238,1.6442856321193184,2.159772619134592,5.994271177990704,7.777363863308442
0,239,1.3262939054630596,1.2263977397610246,5.994271177990704,7.777363863308442
0,240,1.4489935886573806,1.6106646385842007,5.994271177990704,7.777363863308442
0,241,1.090273005950288,0.3753525952968423,5.994271177990704,7.777363863308442
0,242,0.616975221186515,-2.0973227764918647,5.994271177990704,7.777363863308442
0,243,2.189003649079137,3.4024648553943115,5.994271177990704,7.777363863308442
0,244,3.1319177246088765,4.95810344631853,5.994271177990704,7.777363863308442
0,245,1.1906771557843623,0.7579402137523682,5.994271177990704,7.777363863308442
0,246,1.3614421051732812,1.3399917785492266,5.994271177990704,7.777363863308442
0,247,0.6789648672919711,-1.6815269749561295,5.994271177990704,7.777363863308442
0,248,1.9546660825366777,2.9107257712940386,5.994271177990704,7.777363863308442
0,249,0.4218391266607728,-3.7485314080137853,5.994271177990704,7.777363863308442
0,250,1.1825593137584112,0.7282293291255836,5.994271177990704,7.777363863308442
0,251,0.45262944927958787,-3.4425719310434078,5.994271177990704,7.777363863308442
0,252,0.7939255717499005,-1.0022020952932618,5.994271177990704,7.777363863308442
0,253,1.1591124501294114,0.6412557065014088,5.994271177990704,7.777363863308442
0,254,0.6185321186434624,-2.0863774375118926,5.994271177990704,7.777363863308442
0,255,2.176829548673824,3.3782442400272448,5.994271177990704,7.777363863308442
0,256,1.411338606893956,1.4963122173699444,5.994271177990704,7.777363863308442
0,257,0.25991360380363754,-5.85170989055213,5.994271177990704,7.777363863308442
0,258,2.2656013782101834,3.5518350019968894,5.994271177990704,7.777363863308442
0,259,1.284780792517617,1.0882903527741068,5.994271177990704,7.777363863308442
0,260,0.3486752343470002,-4.575788985328351,5.994271177990704,7.777363863308442
0,261,0.8952612139413223,-0.4805023035813146,5.994271177990704,7.777363863308442
0,262,0.7990087941716715,-0.9744844066196394,5.994271177990704,7.777363863308442
0,263,1.0363870644299926,0.15521983740906414,5.994271177990704,7.777363863308442
0,264,2.20691061404153,3.437847433951542,5.994271177990704,7.777363863308442
0,265,1.9240228356804283,2.8421022225020725,5.994271177990704,7.777363863308442
0,266,1.2399054723385878,0.933885767698255,5.994271177990704,7.777363863308442
0,267,0.4079011364049195,-3.894450847449347,5.994271177990704,7.777363863308442
0,268,0.827100295998144,-0.8244182375159492,5.994271177990704,7.777363863308442
0,269,2.3758674719471187,3.7582221164278278,5.994271177990704,7.777363863308442
0,270,0.9909910702980297,-0.03930258872709873,5.994271177990704,7.777363863308442
0,271,0.663331888941803,-1.7826912397621855,5.994271177990704,7.777363863308442
0,272,1.053676008813679,0.2270709169718106,5.994271177990704,7.777363863308442
0,273,1.910618375308881,2.811739502426023,5.994271177990704,7.777363863308442
0,274,1.6583633351515876,2.1967968735077728,5.994271177990704,7.777363863308442
0,275,0.40012535154353995,-3.978039312836689,5.994271177990704,7.777363863308442
0,276,0.21225718129575177,-6.7313760735322905,5.994271177990704,7.777363863308442
0,277,1.1315688330071305,0.5368097710288673,5.994271177990704,7.777363863308442
0,278,1.0884364704018483,0.36803085320982176,5.994271177990704,7.777363863308442
0,279,0.740412688326194,-1.3052614742475965,5.994271177990704,7.777363863308442
0,280,1.4673083715386033,1.6652139535914752,5.994271177990704,7.777363863308442
0,281,1.0845880004233808,0.35264795214004524,5.994271177990704,7.777363863308442
0,282,0.25098298111285644,-6.003557265642363,5.994271177990704,7.777363863308442
0,283,0.8109115076930887,-0.9102653643924419,5.994271177990704,7.777363863308442
0,284,2.01922070550629,3.0518379093221695,5.994271177990704,7.777363863308442
0,285,2.054597711490507,3.127268000403655,5.994271177990704,7.777363863308442
0,286,0.5321269740589925,-2.7398472568708874,5.994271177990704,7.777363863308442
0,287,0.9133327016067615,-0.3937099228846327,5.994271177990704,7.777363863308442
0,288,0.506839147274739,-2.95129848427893,5.994271177990704,7.777363863308442
0,289,0.7366704304243165,-1.3272676215445736,5.994271177990704,7.777363863308442
0,290,0.5553778806096447,-2.554114211656506,5.994271177990704,7.777363863308442
0,291,0.9305519632758015,-0.31259370266868713,5.994271177990704,7.777363863308442
0,292,0.4867594946396782,-3.126855684583594,5.994271177990704,7.777363863308442
0,293,0.4643082578868286,-3.3319359218394577,5.994271177990704,7.777363863308442
0,294,0.3369249402877102,-4.7246683992885075,5.994271177990704,7.777363863308442
0,295,1.6108157836693038,2.0704587641521726,5.994271177990704,7.777363863308442
0,296,0.5032465404837264,-2.9821920194152716,5.994271177990704,7.777363863308442
0,297,0.7741228661576045,-1.1119010409815444,5.994271177990704,7.777363863308442
0,298,0.7062268380977728,-1.5105578236015567,5.994271177990704,7.777363863308442
0,299,2.0643322655619065,3.1477960065207973,5.994271177990704,7.777363863308442
0,300,0.7016584582027153,-1.5387423518187238,5.994271177990704,7.777363863308442
0,301,0.7482112492427685,-1.2597576653699378,5.994271177990704,7.777363863308442
0,302,0.9333507977379288,-0.2995509699503119,5.994271177990704,7.777363863308442
0,303,1.772479846866663,2.4858130594573398,5.994271177990704,7.777363863308442
0,304,1.128962223092971,0.526794099703587,5.994271177990704,7.777363863308442
0,305,0.757081031116605,-1.208576350528285,5.994271177990704,7.777363863308442
0,306,1.0207626651578452,0.0892477715642703,5.994271177990704,7.777363863308442
0,307,0.7876895261349673,-1.0364492928253068,5.994271177990704,7.777363863308442
0,308,1.3344271305003164,1.2529486310991078,5.994271177990704,7.777363863308442
0,309,1.260819379089236,1.0065287540471186,5.994271177990704,7.777363863308442
0,310,1.015131032641356,0.06522104397195769,5.994271177990704,7.777363863308442
0,311,1.1679500000658822,0.6742425102956626,5.994271177990704,7.777363863308442
0,312,0.8606930064774978,-0.6515172586037756,5.994271177990704,7.777363863308442
0,313,1.6313796579402473,2.1255504268404044,5.994271177990704,7.777363863308442
0,314,1.3120607528060826,1.1795394479389796,5.994271177990704,7.777363863308442
0,315,0.8053318806102593,-0.9402510818553158,5.994271177990704,7.777363863308442
0,316,0.9306695690053256,-0.31204486397802456,5.994271177990704,7.777363863308442
0,317,0.7110666982924089,-1.4808966039293407,5.994271177990704,7.777363863308442
0,318,0.8457988393227048,-0.7273291516463323,5.994271177990704,7.777363863308442
0,319,0.7357694157012701,-1.3325826878571725,5.994271177990704,7.777363863308442
0,320,1.91613456085383,2.824260042124135,5.994271177990704,7.777363863308442
0,321,1.1130138877903166,0.46500583340163304,5.994271177990704,7.777363863308442
0,322,0.7338217780799182,-1.3440940356455355,5.994271177990704,7.777363863308442
0,323,1.1995779669639461,0.7902848033369319,5.994271177990704,7.777363863308442
0,324,0.4284394915108244,-3.6811050479918626,5.994271177990704,7.777363863308442
0,325,1.1259671295684384,0.515257123133603,5.994271177990704,7.777363863308442
0,326,0.2177135653579984,-6.621145099732388,5.994271177990704,7.777363863308442
0,327,0.5290445484078818,-2.7650775648441446,5.994271177990704,7.777363863308442
0,328,0.8068161355951162,-0.9322542487443343,5.994271177990704,7.777363863308442
0,329,1.5266573149610958,1.8374156297422963,5.994271177990704,7.777363863308442
0,330,1.3046756007495508,1.155025405493915,5.994271177990704,7.777363863308442
0,331,1.5874680207494274,2.0070498526987284,5.994271177990704,7.777363863308442
0,332,0.9774136387006573,-0.09921605177798118,5.994271177990704,7.777363863308442
0,333,0.6997586581225977,-1.5505171929751935,5.994271177990704,7.777363863308442
0,334,1.1071416487670909,0.44203188487086204,5.994271177990704,7.777363863308442
0,335,0.30834986272112197,-5.109562405876764,5.994271177990704,7.777363863308442
0,336,0.5117045990175033,-2.9098067972722177,5.994271177990704,7.777363863308442
0,337,0.6380574843546885,-1.9514019273116654,5.994271177990704,7.777363863308442
0,338,3.1281839697447285,4.952922861702715,5.994271177990704,7.777363863308442
0,339,1.24110028559161,0.9380687555139735,5.994271177990704,7.777363863308442
0,340,0.3264467059433061,-4.861877093473507,5.994271177990704,7.777363863308442
0,341,0.7218835134553907,-1.4153287659240803,5.994271177990704,7.777363863308442
0,342,2.4287065052394032,3.8537503606644496,5.994271177990704,7.777363863308442
0,343,1.1276607344147793,0.5217845839403209,5.994271177990704,7.777363863308442
0,344,0.7717105368679815,-1.1254556989080058,5.994271177990704,7.777363863308442
0,345,0.3843663620170006,-4.152546268037721,5.994271177990704,7.777363863308442
0,346,2.1486364922350325,3.3216294747379402,5.994271177990704,7.777363863308442
0,347,0.3722652012122694,-4.291475590752763,5.994271177990704,7.777363863308442
0,348,0.9671415477695401,-0.14509959302220193,5.994271177990704,7.777363863308442
0,349,2.347188812424204,3.7054802649494145,5.994271177990704,7.777363863308442
0,350,0.5097376834358145,-2.9265325908681934,5.994271177990704,7.777363863308442
0,351,1.126678750043114,0.518001032937082,5.994271177990704,7.777363863308442
0,352,0.9494164795068374,-0.22543234281056587,5.994271177990704,7.777363863308442
0,353,0.9289688009920066,-0.319988713503171,5.994271177990704,7.777363863308442
0,354,0.6628263388937655,-1.786002422428263,5.994271177990704,7.777363863308442
0,355,1.098709567557475,0.408829063664514,5.994271177990704,7.777363863308442
0,356,0.9133866523094488,-0.3934533920450323,5.994271177990704,7.777363863308442
0,357,1.7437952442265088,2.414954888975291,5.994271177990704,7.777363863308442
0,358,0.9268686597249912,-0.3298180242281493,5.994271177990704,7.777363863308442
0,359,1.4338899399058895,1.565158177711671,5.994271177990704,7.777363863308442
0,360,0.7033594362618297,-1.5282268167678215,5.994271177990704,7.777363863308442
0,361,0.7112895844764399,-1.4795355069695693,5.994271177990704,7.777363863308442
0,362,1.5142852437569505,1.802076903036698,5.994271177990704,7.777363863308442
0,363,1.669678149799028,2.226327638198441,5.994271177990704,7.777363863308442
0,364,0.3347137349613915,-4.753264660241986,5.994271177990704,7.777363863308442
0,365,0.6874157520811914,-1.6278052025879008,5.994271177990704,7.777363863308442
0,366,0.9419709508732761,-0.25962490062713584,5.994271177990704,7.777363863308442
0,367,0.9332825659111988,-0.29986846889176744,5.994271177990704,7.777363863308442
0,368,0.2828419532897629,-5.484561722057476,5.994271177990704,7.777363863308442
0,369,0.2869797462040211,-5.4214875282078046,5.994271177990704,7.777363863308442
0,370,1.2642763708187947,1.0184202109963238,5.994271177990704,7.777363863308442
0,371,1.356262167068778,1.3234364727896732,5.994271177990704,7.777363863308442
0,372,0.9636124816795555,-0.16097583217645728,5.994271177990704,7.777363863308442
0,373,2.247619348809372,3.517227620974361,5.994271177990704,7.777363863308442
0,374,1.8034399828636856,2.5610169389872355,5.994271177990704,7.777363863308442
0,375,1.229813743851397,0.8983934221771142,5.994271177990704,7.777363863308442
0,376,1.622300009996217,2.1013117086015267,5.994271177990704,7.777363863308442
0,377,1.060214320959299,0.2539366620958665,5.994271177990704,7.777363863308442
0,378,1.0803681077166796,0.3357175540518221,5.994271177990704,7.777363863308442
0,379,0.8842153766382554,-0.5344193691818075,5.994271177990704,7.777363863308442
0,380,0.4456801549243641,-3.50976703582035,5.994271177990704,7.777363863308442
0,381,1.1263737101346558,0.5168250536631452,5.994271177990704,7.777363863308442
0,382,0.5248853573032403,-2.799355425511656,5.994271177990704,7.777363863308442
0,383,1.575041648958387,1.9729204236285882,5.994271177990704,7.777363863308442
0,384,0.6359513998704114,-1.9657607236193388,5.994271177990704,7.777363863308442
0,385,0.26516755198911124,-5.764796207433077,5.994271177990704,7.777363863308442
0,386,1.6461181436697963,2.164610017769582,5.994271177990704,7.777363863308442
0,387,1.2913852037494742,1.11055806100509,5.994271177990704,7.777363863308442
0,388,1.3300260126233978,1.2386013497334605,5.994271177990704,7.777363863308442
0,389,0.9367352282744472,-0.2838314673107178,5.994271177990704,7.777363863308442
0,390,1.290667597466344,1.1081440711996158,5.994271177990704,7.777363863308442
0,391,0.9933062949947243,-0.02916812214960497,5.994271177990704,7.777363863308442
0,392,0.7600199441468543,-1.1917501098331855,5.994271177990704,7.777363863308442
0,393,0.42434560925211584,-3.722802871539777,5.994271177990704,7.777363863308442
0,394,1.2188095065731477,0.8593583301056239,5.994271177990704,7.777363863308442
0,395,1.2867022115217603,1.0947804740380576,5.994271177990704,7.777363863308442
0,396,0.2670159410186931,-5.734628102092314,5.994271177990704,7.777363863308442
0,397,2.007990372390185,3.027616261882007,5.994271177990704,7.777363863308442
0,398,0.192320559790184,-7.159742855684001,5.994271177990704,7.777363863308442
0,399,1.0700199233514578,0.29391864153475633,5.994271177990704,7.777363863308442
0,400,0.9675904670885104,-0.14308419052666074,5.994271177990704,7.777363863308442
0,401,1.7489407191751623,2.4277508919770034,5.994271177990704,7.777363863308442
0,402,1.8532683340836071,2.6793830522003375,5.994271177990704,7.777363863308442
0,403,0.5422361777017463,-2.6581150989812983,5.994271177990704,7.777363863308442
0,404,1.5824407525761162,1.9932745877726528,5.994271177990704,7.777363863308442
0,405,0.8294991704801727,-0.8118404394470035,5.994271177990704,7.777363863308442
0,406,0.5547453201779153,-2.559063527813626,5.994271177990704,7.777363863308442
0,407,0.9569381891245087,-0.1911611341342931,5.994271177990704,7.777363863308442
0,408,1.905423255898853,2.799914615254837,5.994271177990704,7.777363863308442
0,409,0.7970250822978328,-0.985280111858977,5.994271177990704,7.777363863308442
0,410,0.4805576003023526,-3.182545497348492,5.994271177990704,7.777363863308442
0,411,0.6050127822060125,-2.1823544983861147,5.994271177990704,7.777363863308442
0,412,0.39275081811533097,-4.058829016346377,5.994271177990704,7.777363863308442
0,413,0.3980725811093458,-4.00037735209179,5.994271177990704,7.777363863308442
0,414,0.5042068821510062,-2.973912307345288,5.994271177990704,7.777363863308442
0,415,1.236944886719354,0.923503496478041,5.994271177990704,7.777363863308442
0,416,1.8019442865704727,2.5574135911304396,5.994271177990704,7.777363863308442
0,417,1.2775636870316296,1.0638255909010854,5.994271177990704,7.777363863308442
0,418,0.8065180841952715,-0.9338589017438292,5.994271177990704,7.777363863308442
0,419,0.6635569508226239,-1.7812179719052943,5.994271177990704,7.777363863308442
0,420,0.902805679684577,-0.4440571737461265,5.994271177990704,7.777363863308442
0,421,0.8150813506891008,-0.8879904353950636,5.994271177990704,7.777363863308442
0,422,0.7491104031760736,-1.254541716773665,5.994271177990704,7.777363863308442
0,423,0.9784813659710998,-0.0944744055578489,5.994271177990704,7.777363863308442
0,424,0.44435645315825595,-3.5226850841644692,5.994271177990704,7.777363863308442
0,425,1.3809830646103016,1.4018835273403127,5.994271177990704,7.777363863308442
0,426,1.078225875442446,0.3270974988830436,5.994271177990704,7.777363863308442
0,427,0.5927591610098422,-2.271217253374945,5.994271177990704,7.777363863308442
0,428,0.4909210143713902,-3.089883770869309,5.994271177990704,7.777363863308442
0,429,1.1485637244537235,0.6015509566588596,5.994271177990704,7.777363863308442
0,430,1.6193823583582019,2.093494037376051,5.994271177990704,7.777363863308442
0,431,0.44548902711230937,-3.511629886490221,5.994271177990704,7.777363863308442
0,432,0.9155075023912914,-0.3833809239583079,5.994271177990704,7.777363863308442
0,433,1.5504705722591081,1.9046352779568134,5.994271177990704,7.777363863308442
0,434,1.0946549512047792,0.3927724574874193,5.994271177990704,7.777363863308442
0,435,0.5611611351419853,-2.5091241493850553,5.994271177990704,7.777363863308442
0,436,1.6177336675030891,2.089070239174627,5.994271177990704,7.777363863308442
0,437,0.5375125812223064,-2.696113660328648,5.994271177990704,7.777363863308442
0,438,1.8726909169180166,2.7246610404167244,5.994271177990704,7.777363863308442
0,439,1.5951526924468997,2.028022612572501,5.994271177990704,7.777363863308442
0,440,1.3422409348431685,1.2783047952975553,5.994271177990704,7.777363863308442
0,441,0.5743756292346539,-2.408039954952963,5.994271177990704,7.777363863308442
0,442,1.2382374979618769,0.9280395176163723,5.994271177990704,7.777363863308442
0,443,0.699835399924796,-1.5500409328615152,5.994271177990704,7.777363863308442
0,444,1.026304820551524,0.11276368789758498,5.994271177990704,7.777363863308442
0,445,0.8595523509422275,-0.6572766751333443,5.994271177990704,7.777363863308442
0,446,0.9737611689479513,-0.11547547974428404,5.994271177990704,7.777363863308442
0,447,0.49680332075253847,-3.0381550989330544,5.994271177990704,7.777363863308442
0,448,0.4896704091759831,-3.100961396409103,5.994271177990704,7.777363863308442
0,449,1.4860647989622873,1.720377469872696,5.994271177990704,7.777363863308442
0,450,0.9818474814997106,-0.07955969532237306,5.994271177990704,7.777363863308442
0,451,0.3062560502670107,-5.139153228017075,5.994271177990704,7.777363863308442
0,452,1.5771447260700726,1.9787154802113982,5.994271177990704,7.777363863308442
0,453,0.3309932011983055,-4.801809268055025,5.994271177990704,7.777363863308442
0,454,1.0408179009252136,0.17374753006053267,5.994271177990704,7.777363863308442
0,455,1.5206565435711505,1.8203113510797566,5.994271177990704,7.777363863308442
0,456,1.4124159524247815,1.499626140248256,5.994271177990704,7.777363863308442
0,457,1.2444101146866193,0.9496353243886168,5.994271177990704,7.777363863308442
0,458,0.6883778456469329,-1.62173115201119,5.994271177990704,7.777363863308442
0,459,0.8432573761136715,-0.7403985127548787,5.994271177990704,7.777363863308442
0,460,0.720254905908768,-1.4251377490544535,5.994271177990704,7.777363863308442
0,461,0.6697391867029959,-1.7409428957959796,5.994271177990704,7.777363863308442
0,462,1.184824693223418,0.7365409684579722,5.994271177990704,7.777363863308442
0,463,0.6229395983128424,-2.0555406151282565,5.994271177990704,7.777363863308442
0,464,0.4917465795705296,-3.082586522094614,5.994271177990704,7.777363863308442
0,465,1.5226934973078396,1.826124930772882,5.994271177990704,7.777363863308442
0,466,1.3502984759887198,1.3042977749294629,5.994271177990704,7.777363863308442
0,467,1.0529402977461404,0.2240374716414735,5.994271177990704,7.777363863308442
0,468,0.8492555503661392,-0.7096160608818489,5.994271177990704,7.777363863308442
0,469,2.977642693167534,4.7387258270573795,5.994271177990704,7.777363863308442
0,470,1.4101216390998021,1.4925657713147065,5.994271177990704,7.777363863308442
0,471,0.95092647348869,-0.21853061814022107,5.994271177990704,7.777363863308442
0,472,0.5933503285558696,-2.266888128169597,5.994271177990704,7.777363863308442
0,473,1.5250798095027434,1.832925714990046,5.994271177990704,7.777363863308442
0,474,1.116908458503618,0.48017579923224835,5.994271177990704,7.777363863308442
0,475,1.1977314063906983,0.7835943758520524,5.994271177990704,7.777363863308442
0,476,1.5535401285712398,1.9132247573838492,5.994271177990704,7.777363863308442
0,477,0.9547221924750423,-0.2012298216178458,5.994271177990704,7.777363863308442
0,478,0.42665888077849495,-3.699192102259862,5.994271177990704,7.777363863308442
0,479,1.608987792535079,2.065527490991756,5.994271177990704,7.777363863308442
0,480,0.6856962618696985,-1.6386821812072372,5.994271177990704,7.777363863308442
0,481,1.5681644737111191,1.9539161082235488,5.994271177990704,7.777363863308442
0,482,0.7532505242804911,-1.2306055737508979,5.994271177990704,7.777363863308442
0,483,0.9020510953111062,-0.4476886181151545,5.994271177990704,7.777363863308442
0,484,0.6073844148095143,-2.165363560612597,5.994271177990704,7.777363863308442
0,485,0.7993407013010978,-0.9726807280462811,5.994271177990704,7.777363863308442
0,486,0.3927786230562089,-4.058521566828508,5.994271177990704,7.777363863308442
0,487,0.5383650345825806,-2.689231541721825,5.994271177990704,7.777363863308442
0,488,1.03952587033563,0.1683530194473937,5.994271177990704,7.777363863308442
0,489,0.9423507127528028,-0.25787436626633814,5.994271177990704,7.777363863308442
0,490,1.1713965111075577,0.6870392618930159,5.994271177990704,7.777363863308442
0,491,1.3595471750279775,1.3339428180132353,5.994271177990704,7.777363863308442
0,492,1.9523106986580783,2.9054893421957635,5.994271177990704,7.777363863308442
0,493,0.19222041384926394,-7.162004920508887,5.994271177990704,7.777363863308442
0,494,0.8303324297430907,-0.807479997939184,5.994271177990704,7.777363863308442
0,495,0.9079336484329084,-0.4194588845288552,5.994271177990704,7.777363863308442
0,496,0.6514654042261113,-1.8610864234990965,5.994271177990704,7.777363863308442
0,497,1.0316141856506387,0.13517305458374085,5.994271177990704,7.777363863308442
0,498,1.714498352462795,2.3413707211841084,5.994271177990704,7.777363863308442
0,499,0.369668871349112,-4.32187118457161,5.994271177990704,7.777363863308442
